stationID,stationName,lineName,external_ID,odsay_stationID,laneName_from_API,prevStationIDs,prevStationNames,nextStationIDs,nextStationNames,exchangeStationIDs,exchangeLineNames,exchangeStationNames,api_status,api_error,fetched_at
1916,소요산,1호선,100,,1호선,,,1917.0,청산,,,,offline,,2025-08-14T18:55:24
1917,청산,1호선,100-1,,1호선,1916.0,소요산,1918.0,전곡,,,,offline,,2025-08-14T18:55:24
1918,전곡,1호선,100-2,,1호선,1917.0,청산,1919.0,연천,,,,offline,,2025-08-14T18:55:24
1919,연천,1호선,100-3,,1호선,1918.0,전곡,1915.0,동두천,,,,offline,,2025-08-14T18:55:24
1915,동두천,1호선,101,,1호선,1919.0,연천,1914.0,보산,,,,offline,,2025-08-14T18:55:24
1914,보산,1호선,102,,1호선,1915.0,동두천,1913.0,동두천중앙,,,,offline,,2025-08-14T18:55:24
1913,동두천중앙,1호선,103,,1호선,1914.0,보산,1912.0,지행,,,,offline,,2025-08-14T18:55:24
1912,지행,1호선,104,,1호선,1913.0,동두천중앙,1911.0,덕정,,,,offline,,2025-08-14T18:55:24
1911,덕정,1호선,105,,1호선,1912.0,지행,1910.0,덕계,,,,offline,,2025-08-14T18:55:24
1910,덕계,1호선,106,,1호선,1911.0,덕정,1909.0,양주,,,,offline,,2025-08-14T18:55:24
1909,양주,1호선,107,,1호선,1910.0,덕계,1908.0,녹양,,,,offline,,2025-08-14T18:55:24
1908,녹양,1호선,108,,1호선,1909.0,양주,1907.0,가능,,,,offline,,2025-08-14T18:55:24
1907,가능,1호선,109,,1호선,1908.0,녹양,1906.0,의정부,,,,offline,,2025-08-14T18:55:24
1906,의정부,1호선,110,,1호선,1907.0,가능,1905.0,회룡,,,,offline,,2025-08-14T18:55:24
1905,회룡,1호선,111,,1호선,1906.0,의정부,1904.0,망월사,4602,의정부경전철,회룡,offline,,2025-08-14T18:55:24
1904,망월사,1호선,112,,1호선,1905.0,회룡,1903.0,도봉산,,,,offline,,2025-08-14T18:55:24
1903,도봉산,1호선,113,,1호선,1904.0,망월사,1902.0,도봉,2712,7호선,도봉산,offline,,2025-08-14T18:55:24
1902,도봉,1호선,114,,1호선,1903.0,도봉산,1901.0,방학,,,,offline,,2025-08-14T18:55:24
1901,방학,1호선,115,,1호선,1902.0,도봉,1022.0,창동,,,,offline,,2025-08-14T18:55:24
1022,창동,1호선,116,,1호선,1901.0,방학,1021.0,녹천,412,4호선,창동,offline,,2025-08-14T18:55:24
1021,녹천,1호선,117,,1호선,1022.0,창동,1020.0,월계,,,,offline,,2025-08-14T18:55:24
1020,월계,1호선,118,,1호선,1021.0,녹천,1019.0,광운대,,,,offline,,2025-08-14T18:55:24
1019,광운대,1호선,119,,1호선,1020.0,월계,1018.0,석계,1305,경춘선,광운대,offline,,2025-08-14T18:55:24
1018,석계,1호선,120,,1호선,1019.0,광운대,1017.0,신이문,2645,6호선,석계,offline,,2025-08-14T18:55:24
1017,신이문,1호선,121,,1호선,1018.0,석계,1016.0,외대앞,,,,offline,,2025-08-14T18:55:24
1016,외대앞,1호선,122,,1호선,1017.0,신이문,1015.0,회기,,,,offline,,2025-08-14T18:55:24
1015,회기,1호선,123,,1호선,1016.0,외대앞,158.0,청량리,1307,경춘선,회기,offline,,2025-08-14T18:55:24
158,청량리,1호선,124,,1호선,1015.0,회기,157.0,제기동,"101,413,061,845","경의선,경춘선,수인분당선","청량리,청량리,청량리",offline,,2025-08-14T18:55:24
157,제기동,1호선,125,,1호선,158.0,청량리,156.0,신설동,,,,offline,,2025-08-14T18:55:24
156,신설동,1호선,126,,1호선,157.0,제기동,159.0,동묘앞,"2,464,713","2호선,우이신설경전철","신설동,신설동",offline,,2025-08-14T18:55:24
159,동묘앞,1호선,127,,1호선,156.0,신설동,155.0,동대문,2637,6호선,동묘앞,offline,,2025-08-14T18:55:24
155,동대문,1호선,128,,1호선,159.0,동묘앞,154.0,종로5가,421,4호선,동대문,offline,,2025-08-14T18:55:24
154,종로5가,1호선,129,,1호선,155.0,동대문,153.0,종로3가,,,,offline,,2025-08-14T18:55:24
153,종로3가,1호선,130,,1호선,154.0,종로5가,152.0,종각,"3,192,535","3호선,5호선","종로3가,종로3가",offline,,2025-08-14T18:55:24
152,종각,1호선,131,,1호선,153.0,종로3가,151.0,시청,,,,offline,,2025-08-14T18:55:24
151,시청,1호선,132,,1호선,152.0,종각,150.0,서울역,201,2호선,시청,offline,,2025-08-14T18:55:24
150,서울역,1호선,133,,1호선,151.0,시청,1002.0,남영,"42,612,514,201","4호선,경의선,공항철도","서울역,서울역,서울역",offline,,2025-08-14T18:55:24
1002,남영,1호선,134,,1호선,150.0,서울역,1003.0,용산,,,,offline,,2025-08-14T18:55:24
1003,용산,1호선,135,,1호선,1002.0,남영,1004.0,노량진,,,,offline,,2025-08-14T18:55:24
1004,노량진,1호선,136,,1호선,1003.0,용산,1005.0,대방,4117,9호선,노량진,offline,,2025-08-14T18:55:24
1005,대방,1호선,137,,1호선,1004.0,노량진,1032.0,신길,4402,신림선,대방,offline,,2025-08-14T18:55:24
1032,신길,1호선,138,,1호선,1005.0,대방,1006.0,영등포,2526,5호선,신길,offline,,2025-08-14T18:55:24
1006,영등포,1호선,139,,1호선,1032.0,신길,1007.0,신도림,,,,offline,,2025-08-14T18:55:24
1007,신도림,1호선,140,,1호선,1006.0,영등포,1701.0,구로,234,2호선,신도림,offline,,2025-08-14T18:55:24
1701,구로,1호선,141,,1호선,1007.0,신도림,1702.0,가산디지털단지,,,,offline,,2025-08-14T18:55:24
1813,구일,1호선,142,,1호선,1702.0,가산디지털단지,1801.0,개봉,,,,offline,,2025-08-14T18:55:24
1801,개봉,1호선,143,,1호선,1813.0,구일,1714.0,독산,,,,offline,,2025-08-14T18:55:24
1802,오류동,1호선,144,,1호선,1703.0,금천구청,1750.0,광명,,,,offline,,2025-08-14T18:55:24
1821,온수,1호선,145,,1호선,1704.0,석수,1705.0,관악,2752,7호선,온수,offline,,2025-08-14T18:55:24
1803,역곡,1호선,146,,1호선,1705.0,관악,1814.0,소사,,,,offline,,2025-08-14T18:55:24
1814,소사,1호선,147,,1호선,1803.0,역곡,1706.0,안양,4804,서해선,소사,offline,,2025-08-14T18:55:24
1804,부천,1호선,148,,1호선,1707.0,명학,1708.0,금정,,,,offline,,2025-08-14T18:55:24
1822,중동,1호선,149,,1호선,1708.0,금정,1709.0,군포,,,,offline,,2025-08-14T18:55:24
1805,송내,1호선,150,,1호선,1709.0,군포,1729.0,당정,,,,offline,,2025-08-14T18:55:24
1815,부개,1호선,151,,1호선,1729.0,당정,1806.0,부평,,,,offline,,2025-08-14T18:55:24
1806,부평,1호선,152,,1호선,1815.0,부개,1710.0,의왕,3120,인천선,부평,offline,,2025-08-14T18:55:24
1807,백운,1호선,153,,1호선,1710.0,의왕,1711.0,성균관대,,,,offline,,2025-08-14T18:55:24
1808,동암,1호선,154,,1호선,1711.0,성균관대,1712.0,화서,,,,offline,,2025-08-14T18:55:24
1816,간석,1호선,155,,1호선,1712.0,화서,1713.0,수원,,,,offline,,2025-08-14T18:55:24
1809,주안,1호선,156,,1호선,1715.0,세류,1823.0,도화,3218,인천2호선,주안,offline,,2025-08-14T18:55:24
1823,도화,1호선,157,,1호선,1809.0,주안,1716.0,병점,,,,offline,,2025-08-14T18:55:24
1810,제물포,1호선,158,,1호선,1717.0,세마,1817.0,도원,,,,offline,,2025-08-14T18:55:24
1817,도원,1호선,159,,1호선,1810.0,제물포,1718.0,오산대,,,,offline,,2025-08-14T18:55:24
1811,동인천,1호선,160,,1호선,1718.0,오산대,1719.0,오산,,,,offline,,2025-08-14T18:55:24
1812,인천,1호선,161,,1호선,1719.0,오산,1720.0,진위,1891,수인분당선,인천,offline,,2025-08-14T18:55:24
1702,가산디지털단지,1호선,P142,,1호선,1701.0,구로,1813.0,구일,2748,7호선,가산디지털단지,offline,,2025-08-14T18:55:24
1714,독산,1호선,P143,,1호선,1801.0,개봉,1703.0,금천구청,,,,offline,,2025-08-14T18:55:24
1703,금천구청,1호선,P144,,1호선,1714.0,독산,1802.0,오류동,,,,offline,,2025-08-14T18:55:24
1750,광명,1호선,P144-1,,1호선,1802.0,오류동,1704.0,석수,,,,offline,,2025-08-14T18:55:24
1704,석수,1호선,P145,,1호선,1750.0,광명,1821.0,온수,,,,offline,,2025-08-14T18:55:24
1705,관악,1호선,P146,,1호선,1821.0,온수,1803.0,역곡,,,,offline,,2025-08-14T18:55:24
1706,안양,1호선,P147,,1호선,1814.0,소사,1707.0,명학,,,,offline,,2025-08-14T18:55:24
1707,명학,1호선,P148,,1호선,1706.0,안양,1804.0,부천,,,,offline,,2025-08-14T18:55:24
1708,금정,1호선,P149,,1호선,1804.0,부천,1822.0,중동,1458,4호선,금정,offline,,2025-08-14T18:55:24
1709,군포,1호선,P150,,1호선,1822.0,중동,1805.0,송내,,,,offline,,2025-08-14T18:55:24
1729,당정,1호선,P151,,1호선,1805.0,송내,1815.0,부개,,,,offline,,2025-08-14T18:55:24
1710,의왕,1호선,P152,,1호선,1806.0,부평,1807.0,백운,,,,offline,,2025-08-14T18:55:24
1711,성균관대,1호선,P153,,1호선,1807.0,백운,1808.0,동암,,,,offline,,2025-08-14T18:55:24
1712,화서,1호선,P154,,1호선,1808.0,동암,1816.0,간석,,,,offline,,2025-08-14T18:55:24
1713,수원,1호선,P155,,1호선,1816.0,간석,1715.0,세류,1846,수인분당선,수원,offline,,2025-08-14T18:55:24
1715,세류,1호선,P156,,1호선,1713.0,수원,1809.0,주안,,,,offline,,2025-08-14T18:55:24
1716,병점,1호선,P157,,1호선,1823.0,도화,1749.0,서동탄,,,,offline,,2025-08-14T18:55:24
1749,서동탄,1호선,P157-1,,1호선,1716.0,병점,1717.0,세마,,,,offline,,2025-08-14T18:55:24
1717,세마,1호선,P158,,1호선,1749.0,서동탄,1810.0,제물포,,,,offline,,2025-08-14T18:55:24
1718,오산대,1호선,P159,,1호선,1817.0,도원,1811.0,동인천,,,,offline,,2025-08-14T18:55:24
1719,오산,1호선,P160,,1호선,1811.0,동인천,1812.0,인천,,,,offline,,2025-08-14T18:55:24
1720,진위,1호선,P161,,1호선,1812.0,인천,1721.0,송탄,,,,offline,,2025-08-14T18:55:24
1721,송탄,1호선,P162,,1호선,1720.0,진위,1722.0,서정리,,,,offline,,2025-08-14T18:55:24
1722,서정리,1호선,P163,,1호선,1721.0,송탄,1723.0,평택지제,,,,offline,,2025-08-14T18:55:24
1723,평택지제,1호선,P164,,1호선,1722.0,서정리,1724.0,평택,,,,offline,,2025-08-14T18:55:24
1724,평택,1호선,P165,,1호선,1723.0,평택지제,1725.0,성환,,,,offline,,2025-08-14T18:55:24
1725,성환,1호선,P166,,1호선,1724.0,평택,1726.0,직산,,,,offline,,2025-08-14T18:55:24
1726,직산,1호선,P167,,1호선,1725.0,성환,1727.0,두정,,,,offline,,2025-08-14T18:55:24
1727,두정,1호선,P168,,1호선,1726.0,직산,1728.0,천안,,,,offline,,2025-08-14T18:55:24
1728,천안,1호선,P169,,1호선,1727.0,두정,1401.0,봉명,,,,offline,,2025-08-14T18:55:24
1401,봉명,1호선,P170,,1호선,1728.0,천안,1402.0,쌍용,,,,offline,,2025-08-14T18:55:24
1402,쌍용,1호선,P171,,1호선,1401.0,봉명,1403.0,아산,,,,offline,,2025-08-14T18:55:24
1403,아산,1호선,P172,,1호선,1402.0,쌍용,1404.0,탕정,,,,offline,,2025-08-14T18:55:24
1404,탕정,1호선,P173,,1호선,1403.0,아산,1405.0,배방,,,,offline,,2025-08-14T18:55:24
1405,배방,1호선,P174,,1호선,1404.0,탕정,1407.0,온양온천,,,,offline,,2025-08-14T18:55:24
1407,온양온천,1호선,P176,,1호선,1405.0,배방,1408.0,신창,,,,offline,,2025-08-14T18:55:24
1408,신창,1호선,P177,,1호선,1407.0,온양온천,,,,,,offline,,2025-08-14T18:55:24
201,시청,2호선,201,,2호선,,,202.0,을지로입구,151,1호선,시청,offline,,2025-08-14T18:55:24
202,을지로입구,2호선,202,,2호선,201.0,시청,203.0,을지로3가,,,,offline,,2025-08-14T18:55:24
203,을지로3가,2호선,203,,2호선,202.0,을지로입구,204.0,을지로4가,320,3호선,을지로3가,offline,,2025-08-14T18:55:24
204,을지로4가,2호선,204,,2호선,203.0,을지로3가,205.0,동대문역사문화공원,2536,5호선,을지로4가,offline,,2025-08-14T18:55:24
205,동대문역사문화공원,2호선,205,,2호선,204.0,을지로4가,206.0,신당,"4,222,537","4호선,5호선","동대문역사문화공원,동대문역사문화공원",offline,,2025-08-14T18:55:24
206,신당,2호선,206,,2호선,205.0,동대문역사문화공원,207.0,상왕십리,2636,6호선,신당,offline,,2025-08-14T18:55:24
207,상왕십리,2호선,207,,2호선,206.0,신당,208.0,왕십리,,,,offline,,2025-08-14T18:55:24
208,왕십리,2호선,208,,2호선,207.0,상왕십리,209.0,한양대,"25,411,013","5호선,경의선","왕십리,왕십리",offline,,2025-08-14T18:55:24
209,한양대,2호선,209,,2호선,208.0,왕십리,210.0,뚝섬,,,,offline,,2025-08-14T18:55:24
210,뚝섬,2호선,210,,2호선,209.0,한양대,211.0,성수,,,,offline,,2025-08-14T18:55:24
211,성수,2호선,211,,2호선,210.0,뚝섬,244.0,용답,,,,offline,,2025-08-14T18:55:24
244,용답,2호선,211-1,,2호선,211.0,성수,245.0,신답,,,,offline,,2025-08-14T18:55:24
245,신답,2호선,211-2,,2호선,244.0,용답,250.0,용두,,,,offline,,2025-08-14T18:55:24
250,용두,2호선,211-3,,2호선,245.0,신답,246.0,신설동,,,,offline,,2025-08-14T18:55:24
246,신설동,2호선,211-4,,2호선,250.0,용두,212.0,건대입구,"1,564,713","1호선,우이신설경전철","신설동,신설동",offline,,2025-08-14T18:55:24
212,건대입구,2호선,212,,2호선,246.0,신설동,213.0,구의,2729,7호선,건대입구,offline,,2025-08-14T18:55:24
213,구의,2호선,213,,2호선,212.0,건대입구,214.0,강변,,,,offline,,2025-08-14T18:55:24
214,강변,2호선,214,,2호선,213.0,구의,215.0,잠실나루,,,,offline,,2025-08-14T18:55:24
215,잠실나루,2호선,215,,2호선,214.0,강변,216.0,잠실,,,,offline,,2025-08-14T18:55:24
216,잠실,2호선,216,,2호선,215.0,잠실나루,217.0,잠실새내,2815,8호선,잠실,offline,,2025-08-14T18:55:24
217,잠실새내,2호선,217,,2호선,216.0,잠실,218.0,종합운동장,,,,offline,,2025-08-14T18:55:24
218,종합운동장,2호선,218,,2호선,217.0,잠실새내,219.0,삼성,4130,9호선,종합운동장,offline,,2025-08-14T18:55:24
219,삼성,2호선,219,,2호선,218.0,종합운동장,220.0,선릉,,,,offline,,2025-08-14T18:55:24
220,선릉,2호선,220,,2호선,219.0,삼성,221.0,역삼,1023,수인분당선,선릉,offline,,2025-08-14T18:55:24
221,역삼,2호선,221,,2호선,220.0,선릉,222.0,강남,,,,offline,,2025-08-14T18:55:24
222,강남,2호선,222,,2호선,221.0,역삼,223.0,교대,4307,신분당선,강남,offline,,2025-08-14T18:55:24
223,교대,2호선,223,,2호선,222.0,강남,224.0,서초,330,3호선,교대,offline,,2025-08-14T18:55:24
224,서초,2호선,224,,2호선,223.0,교대,225.0,방배,,,,offline,,2025-08-14T18:55:24
225,방배,2호선,225,,2호선,224.0,서초,226.0,사당,,,,offline,,2025-08-14T18:55:24
226,사당,2호선,226,,2호선,225.0,방배,227.0,낙성대,433,4호선,사당,offline,,2025-08-14T18:55:24
227,낙성대,2호선,227,,2호선,226.0,사당,228.0,서울대입구,,,,offline,,2025-08-14T18:55:24
228,서울대입구,2호선,228,,2호선,227.0,낙성대,229.0,봉천,,,,offline,,2025-08-14T18:55:24
229,봉천,2호선,229,,2호선,228.0,서울대입구,230.0,신림,,,,offline,,2025-08-14T18:55:24
230,신림,2호선,230,,2호선,229.0,봉천,231.0,신대방,4408,신림선,신림,offline,,2025-08-14T18:55:24
231,신대방,2호선,231,,2호선,230.0,신림,232.0,구로디지털단지,,,,offline,,2025-08-14T18:55:24
232,구로디지털단지,2호선,232,,2호선,231.0,신대방,233.0,대림,,,,offline,,2025-08-14T18:55:24
233,대림,2호선,233,,2호선,232.0,구로디지털단지,234.0,신도림,2746,7호선,대림,offline,,2025-08-14T18:55:24
234,신도림,2호선,234,,2호선,233.0,대림,247.0,도림천,1007,1호선,신도림,offline,,2025-08-14T18:55:24
247,도림천,2호선,234-1,,2호선,234.0,신도림,248.0,양천구청,,,,offline,,2025-08-14T18:55:24
248,양천구청,2호선,234-2,,2호선,247.0,도림천,249.0,신정네거리,,,,offline,,2025-08-14T18:55:24
249,신정네거리,2호선,234-3,,2호선,248.0,양천구청,200.0,까치산,,,,offline,,2025-08-14T18:55:24
200,까치산,2호선,234-4,,2호선,249.0,신정네거리,235.0,문래,2519,5호선,까치산,offline,,2025-08-14T18:55:24
235,문래,2호선,235,,2호선,200.0,까치산,236.0,영등포구청,,,,offline,,2025-08-14T18:55:24
236,영등포구청,2호선,236,,2호선,235.0,문래,237.0,당산,2524,5호선,영등포구청,offline,,2025-08-14T18:55:24
237,당산,2호선,237,,2호선,236.0,영등포구청,238.0,합정,4113,9호선,당산,offline,,2025-08-14T18:55:24
238,합정,2호선,238,,2호선,237.0,당산,239.0,홍대입구,2623,6호선,합정,offline,,2025-08-14T18:55:24
239,홍대입구,2호선,239,,2호선,238.0,합정,240.0,신촌,"12,644,203","경의선,공항철도","홍대입구,홍대입구",offline,,2025-08-14T18:55:24
240,신촌,2호선,240,,2호선,239.0,홍대입구,241.0,이대,1252,경의선,신촌,offline,,2025-08-14T18:55:24
241,이대,2호선,241,,2호선,240.0,신촌,242.0,아현,,,,offline,,2025-08-14T18:55:24
242,아현,2호선,242,,2호선,241.0,이대,243.0,충정로,,,,offline,,2025-08-14T18:55:24
243,충정로,2호선,243,,2호선,242.0,아현,,,2532,5호선,충정로,offline,,2025-08-14T18:55:24
1958,대화,3호선,309,,3호선,,,1957.0,주엽,,,,offline,,2025-08-14T18:55:24
1957,주엽,3호선,310,,3호선,1958.0,대화,1956.0,정발산,,,,offline,,2025-08-14T18:55:24
1956,정발산,3호선,311,,3호선,1957.0,주엽,1955.0,마두,,,,offline,,2025-08-14T18:55:24
1955,마두,3호선,312,,3호선,1956.0,정발산,1954.0,백석,,,,offline,,2025-08-14T18:55:24
1954,백석,3호선,313,,3호선,1955.0,마두,1953.0,대곡,,,,offline,,2025-08-14T18:55:24
1953,대곡,3호선,314,,3호선,1954.0,백석,1952.0,화정,"9,002,300","GTX-A,경의선","대곡,대곡",offline,,2025-08-14T18:55:24
1952,화정,3호선,315,,3호선,1953.0,대곡,1951.0,원당,,,,offline,,2025-08-14T18:55:24
1951,원당,3호선,316,,3호선,1952.0,화정,1948.0,원흥,,,,offline,,2025-08-14T18:55:24
1948,원흥,3호선,317,,3호선,1951.0,원당,1950.0,삼송,,,,offline,,2025-08-14T18:55:24
1950,삼송,3호선,318,,3호선,1948.0,원흥,309.0,지축,,,,offline,,2025-08-14T18:55:24
309,지축,3호선,319,,3호선,1950.0,삼송,310.0,구파발,,,,offline,,2025-08-14T18:55:24
310,구파발,3호선,320,,3호선,309.0,지축,311.0,연신내,,,,offline,,2025-08-14T18:55:24
311,연신내,3호선,321,,3호선,310.0,구파발,312.0,불광,"26,159,004","6호선,GTX-A","연신내,연신내",offline,,2025-08-14T18:55:24
312,불광,3호선,322,,3호선,311.0,연신내,313.0,녹번,2613,6호선,불광,offline,,2025-08-14T18:55:24
313,녹번,3호선,323,,3호선,312.0,불광,314.0,홍제,,,,offline,,2025-08-14T18:55:24
314,홍제,3호선,324,,3호선,313.0,녹번,315.0,무악재,,,,offline,,2025-08-14T18:55:24
315,무악재,3호선,325,,3호선,314.0,홍제,316.0,독립문,,,,offline,,2025-08-14T18:55:24
316,독립문,3호선,326,,3호선,315.0,무악재,317.0,경복궁,,,,offline,,2025-08-14T18:55:24
317,경복궁,3호선,327,,3호선,316.0,독립문,318.0,안국,,,,offline,,2025-08-14T18:55:24
318,안국,3호선,328,,3호선,317.0,경복궁,319.0,종로3가,,,,offline,,2025-08-14T18:55:24
319,종로3가,3호선,329,,3호선,318.0,안국,320.0,을지로3가,"1,532,535","1호선,5호선","종로3가,종로3가",offline,,2025-08-14T18:55:24
320,을지로3가,3호선,330,,3호선,319.0,종로3가,321.0,충무로,203,2호선,을지로3가,offline,,2025-08-14T18:55:24
321,충무로,3호선,331,,3호선,320.0,을지로3가,322.0,동대입구,423,4호선,충무로,offline,,2025-08-14T18:55:24
322,동대입구,3호선,332,,3호선,321.0,충무로,323.0,약수,,,,offline,,2025-08-14T18:55:24
323,약수,3호선,333,,3호선,322.0,동대입구,324.0,금호,2634,6호선,약수,offline,,2025-08-14T18:55:24
324,금호,3호선,334,,3호선,323.0,약수,325.0,옥수,,,,offline,,2025-08-14T18:55:24
325,옥수,3호선,335,,3호선,324.0,금호,326.0,압구정,1011,경의선,옥수,offline,,2025-08-14T18:55:24
326,압구정,3호선,336,,3호선,325.0,옥수,327.0,신사,,,,offline,,2025-08-14T18:55:24
327,신사,3호선,337,,3호선,326.0,압구정,328.0,잠원,4304,신분당선,신사,offline,,2025-08-14T18:55:24
328,잠원,3호선,338,,3호선,327.0,신사,329.0,고속터미널,,,,offline,,2025-08-14T18:55:24
329,고속터미널,3호선,339,,3호선,328.0,잠원,330.0,교대,"27,364,123","7호선,9호선","고속터미널,고속터미널",offline,,2025-08-14T18:55:24
330,교대,3호선,340,,3호선,329.0,고속터미널,331.0,남부터미널,223,2호선,교대,offline,,2025-08-14T18:55:24
331,남부터미널,3호선,341,,3호선,330.0,교대,332.0,양재,,,,offline,,2025-08-14T18:55:24
332,양재,3호선,342,,3호선,331.0,남부터미널,333.0,매봉,4308,신분당선,양재,offline,,2025-08-14T18:55:24
333,매봉,3호선,343,,3호선,332.0,양재,334.0,도곡,,,,offline,,2025-08-14T18:55:24
334,도곡,3호선,344,,3호선,333.0,매봉,335.0,대치,1025,수인분당선,도곡,offline,,2025-08-14T18:55:24
335,대치,3호선,345,,3호선,334.0,도곡,336.0,학여울,,,,offline,,2025-08-14T18:55:24
336,학여울,3호선,346,,3호선,335.0,대치,337.0,대청,,,,offline,,2025-08-14T18:55:24
337,대청,3호선,347,,3호선,336.0,학여울,338.0,일원,,,,offline,,2025-08-14T18:55:24
338,일원,3호선,348,,3호선,337.0,대청,339.0,수서,,,,offline,,2025-08-14T18:55:24
339,수서,3호선,349,,3호선,338.0,일원,340.0,가락시장,"81,030","GTX-A,수인분당선","수서,수서",offline,,2025-08-14T18:55:24
340,가락시장,3호선,350,,3호선,339.0,수서,341.0,경찰병원,2818,8호선,가락시장,offline,,2025-08-14T18:55:24
341,경찰병원,3호선,351,,3호선,340.0,가락시장,342.0,오금,,,,offline,,2025-08-14T18:55:24
342,오금,3호선,352,,3호선,341.0,경찰병원,,,2558,5호선,오금,offline,,2025-08-14T18:55:24
405,진접,4호선,405,,4호선,,,406.0,오남,,,,offline,,2025-08-14T18:55:24
406,오남,4호선,406,,4호선,405.0,진접,408.0,별내별가람,,,,offline,,2025-08-14T18:55:24
408,별내별가람,4호선,408,,4호선,406.0,오남,409.0,불암산,,,,offline,,2025-08-14T18:55:24
409,불암산,4호선,409,,4호선,408.0,별내별가람,410.0,상계,,,,offline,,2025-08-14T18:55:24
410,상계,4호선,410,,4호선,409.0,불암산,411.0,노원,,,,offline,,2025-08-14T18:55:24
411,노원,4호선,411,,4호선,410.0,상계,412.0,창동,2715,7호선,노원,offline,,2025-08-14T18:55:24
412,창동,4호선,412,,4호선,411.0,노원,413.0,쌍문,1022,1호선,창동,offline,,2025-08-14T18:55:24
413,쌍문,4호선,413,,4호선,412.0,창동,414.0,수유,,,,offline,,2025-08-14T18:55:24
414,수유,4호선,414,,4호선,413.0,쌍문,415.0,미아,,,,offline,,2025-08-14T18:55:24
415,미아,4호선,415,,4호선,414.0,수유,416.0,미아사거리,,,,offline,,2025-08-14T18:55:24
416,미아사거리,4호선,416,,4호선,415.0,미아,417.0,길음,,,,offline,,2025-08-14T18:55:24
417,길음,4호선,417,,4호선,416.0,미아사거리,418.0,성신여대입구,,,,offline,,2025-08-14T18:55:24
418,성신여대입구,4호선,418,,4호선,417.0,길음,419.0,한성대입구,4711,우이신설경전철,성신여대입구,offline,,2025-08-14T18:55:24
419,한성대입구,4호선,419,,4호선,418.0,성신여대입구,420.0,혜화,,,,offline,,2025-08-14T18:55:24
420,혜화,4호선,420,,4호선,419.0,한성대입구,421.0,동대문,,,,offline,,2025-08-14T18:55:24
421,동대문,4호선,421,,4호선,420.0,혜화,422.0,동대문역사문화공원,155,1호선,동대문,offline,,2025-08-14T18:55:24
422,동대문역사문화공원,4호선,422,,4호선,421.0,동대문,423.0,충무로,"2,052,537","2호선,5호선","동대문역사문화공원,동대문역사문화공원",offline,,2025-08-14T18:55:24
423,충무로,4호선,423,,4호선,422.0,동대문역사문화공원,424.0,명동,321,3호선,충무로,offline,,2025-08-14T18:55:24
424,명동,4호선,424,,4호선,423.0,충무로,425.0,회현,,,,offline,,2025-08-14T18:55:24
425,회현,4호선,425,,4호선,424.0,명동,426.0,서울역,,,,offline,,2025-08-14T18:55:24
426,서울역,4호선,426,,4호선,425.0,회현,427.0,숙대입구,"15,012,514,201","1호선,경의선,공항철도","서울역,서울역,서울역",offline,,2025-08-14T18:55:24
427,숙대입구,4호선,427,,4호선,426.0,서울역,428.0,삼각지,,,,offline,,2025-08-14T18:55:24
428,삼각지,4호선,428,,4호선,427.0,숙대입구,429.0,신용산,2629,6호선,삼각지,offline,,2025-08-14T18:55:24
429,신용산,4호선,429,,4호선,428.0,삼각지,430.0,이촌,,,,offline,,2025-08-14T18:55:24
430,이촌,4호선,430,,4호선,429.0,신용산,431.0,동작,1008,경의선,이촌,offline,,2025-08-14T18:55:24
431,동작,4호선,431,,4호선,430.0,이촌,432.0,총신대입구,4120,9호선,동작,offline,,2025-08-14T18:55:24
432,총신대입구,4호선,432,,4호선,431.0,동작,433.0,사당,,,,offline,,2025-08-14T18:55:24
433,사당,4호선,433,,4호선,432.0,총신대입구,434.0,남태령,226,2호선,사당,offline,,2025-08-14T18:55:24
434,남태령,4호선,434,,4호선,433.0,사당,1450.0,선바위,,,,offline,,2025-08-14T18:55:24
1450,선바위,4호선,435,,4호선,434.0,남태령,1451.0,경마공원,,,,offline,,2025-08-14T18:55:24
1451,경마공원,4호선,436,,4호선,1450.0,선바위,1452.0,대공원,,,,offline,,2025-08-14T18:55:24
1452,대공원,4호선,437,,4호선,1451.0,경마공원,1453.0,과천,,,,offline,,2025-08-14T18:55:24
1453,과천,4호선,438,,4호선,1452.0,대공원,1454.0,정부과천청사,,,,offline,,2025-08-14T18:55:24
1454,정부과천청사,4호선,439,,4호선,1453.0,과천,1455.0,인덕원,,,,offline,,2025-08-14T18:55:24
1455,인덕원,4호선,440,,4호선,1454.0,정부과천청사,1456.0,평촌,,,,offline,,2025-08-14T18:55:24
1456,평촌,4호선,441,,4호선,1455.0,인덕원,1457.0,범계,,,,offline,,2025-08-14T18:55:24
1457,범계,4호선,442,,4호선,1456.0,평촌,1458.0,금정,,,,offline,,2025-08-14T18:55:24
1458,금정,4호선,443,,4호선,1457.0,범계,1751.0,산본,1708,1호선,금정,offline,,2025-08-14T18:55:24
1751,산본,4호선,444,,4호선,1458.0,금정,1763.0,수리산,,,,offline,,2025-08-14T18:55:24
1763,수리산,4호선,445,,4호선,1751.0,산본,1752.0,대야미,,,,offline,,2025-08-14T18:55:24
1752,대야미,4호선,446,,4호선,1763.0,수리산,1753.0,반월,,,,offline,,2025-08-14T18:55:24
1753,반월,4호선,447,,4호선,1752.0,대야미,1754.0,상록수,,,,offline,,2025-08-14T18:55:24
1754,상록수,4호선,448,,4호선,1753.0,반월,1755.0,한대앞,,,,offline,,2025-08-14T18:55:24
1755,한대앞,4호선,449,,4호선,1754.0,상록수,1756.0,중앙,1830,수인분당선,한대앞,offline,,2025-08-14T18:55:24
1756,중앙,4호선,450,,4호선,1755.0,한대앞,1757.0,고잔,1831,수인분당선,중앙,offline,,2025-08-14T18:55:24
1757,고잔,4호선,451,,4호선,1756.0,중앙,1758.0,초지,1832,수인분당선,고잔,offline,,2025-08-14T18:55:24
1758,초지,4호선,452,,4호선,1757.0,고잔,1759.0,안산,"48,131,833","서해선,수인분당선","초지,초지",offline,,2025-08-14T18:55:24
1759,안산,4호선,453,,4호선,1758.0,초지,1760.0,신길온천,1834,수인분당선,안산,offline,,2025-08-14T18:55:24
1760,신길온천,4호선,454,,4호선,1759.0,안산,1761.0,정왕,1835,수인분당선,신길온천,offline,,2025-08-14T18:55:24
1761,정왕,4호선,455,,4호선,1760.0,신길온천,1762.0,오이도,1836,수인분당선,정왕,offline,,2025-08-14T18:55:24
1762,오이도,4호선,456,,4호선,1761.0,정왕,,,1800,수인분당선,오이도,offline,,2025-08-14T18:55:24
2511,방화,5호선,510,,5호선,,,2512.0,개화산,,,,offline,,2025-08-14T18:55:24
2512,개화산,5호선,511,,5호선,2511.0,방화,2513.0,김포공항,,,,offline,,2025-08-14T18:55:24
2513,김포공항,5호선,512,,5호선,2512.0,개화산,2514.0,송정,"4,102,420,749,291,980","9호선,공항철도,김포도시철도,서해선","김포공항,김포공항,김포공항,김포공항",offline,,2025-08-14T18:55:24
2514,송정,5호선,513,,5호선,2513.0,김포공항,2515.0,마곡,,,,offline,,2025-08-14T18:55:24
2515,마곡,5호선,514,,5호선,2514.0,송정,2516.0,발산,,,,offline,,2025-08-14T18:55:24
2516,발산,5호선,515,,5호선,2515.0,마곡,2517.0,우장산,,,,offline,,2025-08-14T18:55:24
2517,우장산,5호선,516,,5호선,2516.0,발산,2518.0,화곡,,,,offline,,2025-08-14T18:55:24
2518,화곡,5호선,517,,5호선,2517.0,우장산,2519.0,까치산,,,,offline,,2025-08-14T18:55:24
2519,까치산,5호선,518,,5호선,2518.0,화곡,2520.0,신정,200,2호선,까치산,offline,,2025-08-14T18:55:24
2520,신정,5호선,519,,5호선,2519.0,까치산,2521.0,목동,,,,offline,,2025-08-14T18:55:24
2521,목동,5호선,520,,5호선,2520.0,신정,2522.0,오목교,,,,offline,,2025-08-14T18:55:24
2522,오목교,5호선,521,,5호선,2521.0,목동,2523.0,양평,,,,offline,,2025-08-14T18:55:24
2523,양평,5호선,522,,5호선,2522.0,오목교,2524.0,영등포구청,1217,경의선,양평,offline,,2025-08-14T18:55:24
2524,영등포구청,5호선,523,,5호선,2523.0,양평,2525.0,영등포시장,236,2호선,영등포구청,offline,,2025-08-14T18:55:24
2525,영등포시장,5호선,524,,5호선,2524.0,영등포구청,2526.0,신길,,,,offline,,2025-08-14T18:55:24
2526,신길,5호선,525,,5호선,2525.0,영등포시장,2527.0,여의도,1032,1호선,신길,offline,,2025-08-14T18:55:24
2527,여의도,5호선,526,,5호선,2526.0,신길,2528.0,여의나루,4115,9호선,여의도,offline,,2025-08-14T18:55:24
2528,여의나루,5호선,527,,5호선,2527.0,여의도,2529.0,마포,,,,offline,,2025-08-14T18:55:24
2529,마포,5호선,528,,5호선,2528.0,여의나루,2530.0,공덕,,,,offline,,2025-08-14T18:55:24
2530,공덕,5호선,529,,5호선,2529.0,마포,2531.0,애오개,"262,712,624,202","6호선,경의선,공항철도","공덕,공덕,공덕",offline,,2025-08-14T18:55:24
2531,애오개,5호선,530,,5호선,2530.0,공덕,2532.0,충정로,,,,offline,,2025-08-14T18:55:24
2532,충정로,5호선,531,,5호선,2531.0,애오개,2533.0,서대문,243,2호선,충정로,offline,,2025-08-14T18:55:24
2533,서대문,5호선,532,,5호선,2532.0,충정로,2534.0,광화문,,,,offline,,2025-08-14T18:55:24
2534,광화문,5호선,533,,5호선,2533.0,서대문,2535.0,종로3가,,,,offline,,2025-08-14T18:55:24
2535,종로3가,5호선,534,,5호선,2534.0,광화문,2536.0,을지로4가,"153,319","1호선,3호선","종로3가,종로3가",offline,,2025-08-14T18:55:24
2536,을지로4가,5호선,535,,5호선,2535.0,종로3가,2537.0,동대문역사문화공원,204,2호선,을지로4가,offline,,2025-08-14T18:55:24
2537,동대문역사문화공원,5호선,536,,5호선,2536.0,을지로4가,2538.0,청구,"205,422","2호선,4호선","동대문역사문화공원,동대문역사문화공원",offline,,2025-08-14T18:55:24
2538,청구,5호선,537,,5호선,2537.0,동대문역사문화공원,2539.0,신금호,2635,6호선,청구,offline,,2025-08-14T18:55:24
2539,신금호,5호선,538,,5호선,2538.0,청구,2540.0,행당,,,,offline,,2025-08-14T18:55:24
2540,행당,5호선,539,,5호선,2539.0,신금호,2541.0,왕십리,,,,offline,,2025-08-14T18:55:24
2541,왕십리,5호선,540,,5호선,2540.0,행당,2542.0,마장,"2,081,013","2호선,경의선","왕십리,왕십리",offline,,2025-08-14T18:55:24
2542,마장,5호선,541,,5호선,2541.0,왕십리,2543.0,답십리,,,,offline,,2025-08-14T18:55:24
2543,답십리,5호선,542,,5호선,2542.0,마장,2544.0,장한평,,,,offline,,2025-08-14T18:55:24
2544,장한평,5호선,543,,5호선,2543.0,답십리,2545.0,군자,,,,offline,,2025-08-14T18:55:24
2545,군자,5호선,544,,5호선,2544.0,장한평,2546.0,아차산,2727,7호선,군자,offline,,2025-08-14T18:55:24
2546,아차산,5호선,545,,5호선,2545.0,군자,2547.0,광나루,,,,offline,,2025-08-14T18:55:24
2547,광나루,5호선,546,,5호선,2546.0,아차산,2548.0,천호,,,,offline,,2025-08-14T18:55:24
2548,천호,5호선,547,,5호선,2547.0,광나루,2549.0,강동,2812,8호선,천호,offline,,2025-08-14T18:55:24
2549,강동,5호선,548,,5호선,2548.0,천호,2550.0,길동,,,,offline,,2025-08-14T18:55:24
2550,길동,5호선,549,,5호선,2549.0,강동,2555.0,둔촌동,,,,offline,,2025-08-14T18:55:24
2551,굽은다리,5호선,550,,5호선,2555.0,둔촌동,2556.0,올림픽공원,,,,offline,,2025-08-14T18:55:24
2552,명일,5호선,551,,5호선,2556.0,올림픽공원,2557.0,방이,,,,offline,,2025-08-14T18:55:24
2553,고덕,5호선,552,,5호선,2557.0,방이,2558.0,오금,,,,offline,,2025-08-14T18:55:24
2554,상일동,5호선,553,,5호선,2559.0,개롱,2562.0,강일,,,,offline,,2025-08-14T18:55:24
2562,강일,5호선,554,,5호선,2554.0,상일동,2560.0,거여,,,,offline,,2025-08-14T18:55:24
2563,미사,5호선,555,,5호선,2561.0,마천,2564.0,하남풍산,,,,offline,,2025-08-14T18:55:24
2564,하남풍산,5호선,556,,5호선,2563.0,미사,2565.0,하남시청,,,,offline,,2025-08-14T18:55:24
2565,하남시청,5호선,557,,5호선,2564.0,하남풍산,2566.0,하남검단산,,,,offline,,2025-08-14T18:55:24
2566,하남검단산,5호선,558,,5호선,2565.0,하남시청,,,,,,offline,,2025-08-14T18:55:24
2555,둔촌동,5호선,P549,,5호선,2550.0,길동,2551.0,굽은다리,,,,offline,,2025-08-14T18:55:24
2556,올림픽공원,5호선,P550,,5호선,2551.0,굽은다리,2552.0,명일,4136,9호선,올림픽공원,offline,,2025-08-14T18:55:24
2557,방이,5호선,P551,,5호선,2552.0,명일,2553.0,고덕,,,,offline,,2025-08-14T18:55:24
2558,오금,5호선,P552,,5호선,2553.0,고덕,2559.0,개롱,342,3호선,오금,offline,,2025-08-14T18:55:24
2559,개롱,5호선,P553,,5호선,2558.0,오금,2554.0,상일동,,,,offline,,2025-08-14T18:55:24
2560,거여,5호선,P554,,5호선,2562.0,강일,2561.0,마천,,,,offline,,2025-08-14T18:55:24
2561,마천,5호선,P555,,5호선,2560.0,거여,2563.0,미사,,,,offline,,2025-08-14T18:55:24
2611,응암,6호선,610,,6호선,,,2612.0,역촌,,,,offline,,2025-08-14T18:55:24
2612,역촌,6호선,611,,6호선,2611.0,응암,2613.0,불광,,,,offline,,2025-08-14T18:55:24
2613,불광,6호선,612,,6호선,2612.0,역촌,2614.0,독바위,312,3호선,불광,offline,,2025-08-14T18:55:24
2614,독바위,6호선,613,,6호선,2613.0,불광,2615.0,연신내,,,,offline,,2025-08-14T18:55:24
2615,연신내,6호선,614,,6호선,2614.0,독바위,2616.0,구산,"3,119,004","3호선,GTX-A","연신내,연신내",offline,,2025-08-14T18:55:24
2616,구산,6호선,615,,6호선,2615.0,연신내,2617.0,새절,,,,offline,,2025-08-14T18:55:24
2617,새절,6호선,616,,6호선,2616.0,구산,2618.0,증산,,,,offline,,2025-08-14T18:55:24
2618,증산,6호선,617,,6호선,2617.0,새절,2619.0,디지털미디어시티,,,,offline,,2025-08-14T18:55:24
2619,디지털미디어시티,6호선,618,,6호선,2618.0,증산,2620.0,월드컵경기장,"12,664,204","경의선,공항철도","디지털미디어시티,디지털미디어시티",offline,,2025-08-14T18:55:24
2620,월드컵경기장,6호선,619,,6호선,2619.0,디지털미디어시티,2621.0,마포구청,,,,offline,,2025-08-14T18:55:24
2621,마포구청,6호선,620,,6호선,2620.0,월드컵경기장,2622.0,망원,,,,offline,,2025-08-14T18:55:24
2622,망원,6호선,621,,6호선,2621.0,마포구청,2623.0,합정,,,,offline,,2025-08-14T18:55:24
2623,합정,6호선,622,,6호선,2622.0,망원,2624.0,상수,238,2호선,합정,offline,,2025-08-14T18:55:24
2624,상수,6호선,623,,6호선,2623.0,합정,2625.0,광흥창,,,,offline,,2025-08-14T18:55:24
2625,광흥창,6호선,624,,6호선,2624.0,상수,2626.0,대흥,,,,offline,,2025-08-14T18:55:24
2626,대흥,6호선,625,,6호선,2625.0,광흥창,2627.0,공덕,,,,offline,,2025-08-14T18:55:24
2627,공덕,6호선,626,,6호선,2626.0,대흥,2628.0,효창공원앞,"253,012,624,202","5호선,경의선,공항철도","공덕,공덕,공덕",offline,,2025-08-14T18:55:24
2628,효창공원앞,6호선,627,,6호선,2627.0,공덕,2629.0,삼각지,1261,경의선,효창공원앞,offline,,2025-08-14T18:55:24
2629,삼각지,6호선,628,,6호선,2628.0,효창공원앞,2630.0,녹사평,428,4호선,삼각지,offline,,2025-08-14T18:55:24
2630,녹사평,6호선,629,,6호선,2629.0,삼각지,2631.0,이태원,,,,offline,,2025-08-14T18:55:24
2631,이태원,6호선,630,,6호선,2630.0,녹사평,2632.0,한강진,,,,offline,,2025-08-14T18:55:24
2632,한강진,6호선,631,,6호선,2631.0,이태원,2633.0,버티고개,,,,offline,,2025-08-14T18:55:24
2633,버티고개,6호선,632,,6호선,2632.0,한강진,2634.0,약수,,,,offline,,2025-08-14T18:55:24
2634,약수,6호선,633,,6호선,2633.0,버티고개,2635.0,청구,323,3호선,약수,offline,,2025-08-14T18:55:24
2635,청구,6호선,634,,6호선,2634.0,약수,2636.0,신당,2538,5호선,청구,offline,,2025-08-14T18:55:24
2636,신당,6호선,635,,6호선,2635.0,청구,2637.0,동묘앞,206,2호선,신당,offline,,2025-08-14T18:55:24
2637,동묘앞,6호선,636,,6호선,2636.0,신당,2638.0,창신,159,1호선,동묘앞,offline,,2025-08-14T18:55:24
2638,창신,6호선,637,,6호선,2637.0,동묘앞,2639.0,보문,,,,offline,,2025-08-14T18:55:24
2639,보문,6호선,638,,6호선,2638.0,창신,2640.0,안암,4712,우이신설경전철,보문,offline,,2025-08-14T18:55:24
2640,안암,6호선,639,,6호선,2639.0,보문,2641.0,고려대,,,,offline,,2025-08-14T18:55:24
2641,고려대,6호선,640,,6호선,2640.0,안암,2642.0,월곡,,,,offline,,2025-08-14T18:55:24
2642,월곡,6호선,641,,6호선,2641.0,고려대,2643.0,상월곡,,,,offline,,2025-08-14T18:55:24
2643,상월곡,6호선,642,,6호선,2642.0,월곡,2644.0,돌곶이,,,,offline,,2025-08-14T18:55:24
2644,돌곶이,6호선,643,,6호선,2643.0,상월곡,2645.0,석계,,,,offline,,2025-08-14T18:55:24
2645,석계,6호선,644,,6호선,2644.0,돌곶이,2646.0,태릉입구,1018,1호선,석계,offline,,2025-08-14T18:55:24
2646,태릉입구,6호선,645,,6호선,2645.0,석계,2647.0,화랑대,2719,7호선,태릉입구,offline,,2025-08-14T18:55:24
2647,화랑대,6호선,646,,6호선,2646.0,태릉입구,2648.0,봉화산,,,,offline,,2025-08-14T18:55:24
2648,봉화산,6호선,647,,6호선,2647.0,화랑대,2649.0,신내,,,,offline,,2025-08-14T18:55:24
2649,신내,6호선,648,,6호선,2648.0,봉화산,,,1311,경춘선,신내,offline,,2025-08-14T18:55:24
2711,장암,7호선,709,,7호선,,,2712.0,도봉산,,,,offline,,2025-08-14T18:55:24
2712,도봉산,7호선,710,,7호선,2711.0,장암,2713.0,수락산,1903,1호선,도봉산,offline,,2025-08-14T18:55:24
2713,수락산,7호선,711,,7호선,2712.0,도봉산,2714.0,마들,,,,offline,,2025-08-14T18:55:24
2714,마들,7호선,712,,7호선,2713.0,수락산,2715.0,노원,,,,offline,,2025-08-14T18:55:24
2715,노원,7호선,713,,7호선,2714.0,마들,2716.0,중계,411,4호선,노원,offline,,2025-08-14T18:55:24
2716,중계,7호선,714,,7호선,2715.0,노원,2717.0,하계,,,,offline,,2025-08-14T18:55:24
2717,하계,7호선,715,,7호선,2716.0,중계,2718.0,공릉,,,,offline,,2025-08-14T18:55:24
2718,공릉,7호선,716,,7호선,2717.0,하계,2719.0,태릉입구,,,,offline,,2025-08-14T18:55:24
2719,태릉입구,7호선,717,,7호선,2718.0,공릉,2720.0,먹골,2646,6호선,태릉입구,offline,,2025-08-14T18:55:24
2720,먹골,7호선,718,,7호선,2719.0,태릉입구,2721.0,중화,,,,offline,,2025-08-14T18:55:24
2721,중화,7호선,719,,7호선,2720.0,먹골,2722.0,상봉,,,,offline,,2025-08-14T18:55:24
2722,상봉,7호선,720,,7호선,2721.0,중화,2723.0,면목,"12,021,309","경의선,경춘선","상봉,상봉",offline,,2025-08-14T18:55:24
2723,면목,7호선,721,,7호선,2722.0,상봉,2724.0,사가정,,,,offline,,2025-08-14T18:55:24
2724,사가정,7호선,722,,7호선,2723.0,면목,2725.0,용마산,,,,offline,,2025-08-14T18:55:24
2725,용마산,7호선,723,,7호선,2724.0,사가정,2726.0,중곡,,,,offline,,2025-08-14T18:55:24
2726,중곡,7호선,724,,7호선,2725.0,용마산,2727.0,군자,,,,offline,,2025-08-14T18:55:24
2727,군자,7호선,725,,7호선,2726.0,중곡,2728.0,어린이대공원,2545,5호선,군자,offline,,2025-08-14T18:55:24
2728,어린이대공원,7호선,726,,7호선,2727.0,군자,2729.0,건대입구,,,,offline,,2025-08-14T18:55:24
2729,건대입구,7호선,727,,7호선,2728.0,어린이대공원,2730.0,자양,212,2호선,건대입구,offline,,2025-08-14T18:55:24
2730,자양,7호선,728,,7호선,2729.0,건대입구,2731.0,청담,,,,offline,,2025-08-14T18:55:24
2731,청담,7호선,729,,7호선,2730.0,자양,2732.0,강남구청,,,,offline,,2025-08-14T18:55:24
2732,강남구청,7호선,730,,7호선,2731.0,청담,2733.0,학동,1849,수인분당선,강남구청,offline,,2025-08-14T18:55:24
2733,학동,7호선,731,,7호선,2732.0,강남구청,2734.0,논현,,,,offline,,2025-08-14T18:55:24
2734,논현,7호선,732,,7호선,2733.0,학동,2735.0,반포,4305,신분당선,논현,offline,,2025-08-14T18:55:24
2735,반포,7호선,733,,7호선,2734.0,논현,2736.0,고속터미널,,,,offline,,2025-08-14T18:55:24
2736,고속터미널,7호선,734,,7호선,2735.0,반포,2737.0,내방,"3,294,123","3호선,9호선","고속터미널,고속터미널",offline,,2025-08-14T18:55:24
2737,내방,7호선,735,,7호선,2736.0,고속터미널,2738.0,이수,,,,offline,,2025-08-14T18:55:24
2738,이수,7호선,736,,7호선,2737.0,내방,2739.0,남성,,,,offline,,2025-08-14T18:55:24
2739,남성,7호선,737,,7호선,2738.0,이수,2740.0,숭실대입구,,,,offline,,2025-08-14T18:55:24
2740,숭실대입구,7호선,738,,7호선,2739.0,남성,2741.0,상도,,,,offline,,2025-08-14T18:55:24
2741,상도,7호선,739,,7호선,2740.0,숭실대입구,2742.0,장승배기,,,,offline,,2025-08-14T18:55:24
2742,장승배기,7호선,740,,7호선,2741.0,상도,2743.0,신대방삼거리,,,,offline,,2025-08-14T18:55:24
2743,신대방삼거리,7호선,741,,7호선,2742.0,장승배기,2744.0,보라매,,,,offline,,2025-08-14T18:55:24
2744,보라매,7호선,742,,7호선,2743.0,신대방삼거리,2745.0,신풍,4404,신림선,보라매,offline,,2025-08-14T18:55:24
2745,신풍,7호선,743,,7호선,2744.0,보라매,2746.0,대림,,,,offline,,2025-08-14T18:55:24
2746,대림,7호선,744,,7호선,2745.0,신풍,2747.0,남구로,233,2호선,대림,offline,,2025-08-14T18:55:24
2747,남구로,7호선,745,,7호선,2746.0,대림,2748.0,가산디지털단지,,,,offline,,2025-08-14T18:55:24
2748,가산디지털단지,7호선,746,,7호선,2747.0,남구로,2749.0,철산,1702,1호선,가산디지털단지,offline,,2025-08-14T18:55:24
2749,철산,7호선,747,,7호선,2748.0,가산디지털단지,2750.0,광명사거리,,,,offline,,2025-08-14T18:55:24
2750,광명사거리,7호선,748,,7호선,2749.0,철산,2751.0,천왕,,,,offline,,2025-08-14T18:55:24
2751,천왕,7호선,749,,7호선,2750.0,광명사거리,2752.0,온수,,,,offline,,2025-08-14T18:55:24
2752,온수,7호선,750,,7호선,2751.0,천왕,3753.0,까치울,1821,1호선,온수,offline,,2025-08-14T18:55:24
3753,까치울,7호선,751,,7호선,2752.0,온수,3754.0,부천종합운동장,,,,offline,,2025-08-14T18:55:24
3754,부천종합운동장,7호선,752,,7호선,3753.0,까치울,3755.0,춘의,1982,서해선,부천종합운동장,offline,,2025-08-14T18:55:24
3755,춘의,7호선,753,,7호선,3754.0,부천종합운동장,3756.0,신중동,,,,offline,,2025-08-14T18:55:24
3756,신중동,7호선,754,,7호선,3755.0,춘의,3757.0,부천시청,,,,offline,,2025-08-14T18:55:24
3757,부천시청,7호선,755,,7호선,3756.0,신중동,3758.0,상동,,,,offline,,2025-08-14T18:55:24
3758,상동,7호선,756,,7호선,3757.0,부천시청,3759.0,삼산체육관,,,,offline,,2025-08-14T18:55:24
3759,삼산체육관,7호선,757,,7호선,3758.0,상동,3760.0,굴포천,,,,offline,,2025-08-14T18:55:24
3760,굴포천,7호선,758,,7호선,3759.0,삼산체육관,3761.0,부평구청,,,,offline,,2025-08-14T18:55:24
3761,부평구청,7호선,759,,7호선,3760.0,굴포천,3762.0,산곡,3118,인천선,부평구청,offline,,2025-08-14T18:55:24
3762,산곡,7호선,760,,7호선,3761.0,부평구청,3763.0,석남,,,,offline,,2025-08-14T18:55:24
3763,석남,7호선,761,,7호선,3762.0,산곡,,,3213,인천2호선,석남,offline,,2025-08-14T18:55:24
2805,별내,8호선,804,,8호선,,,2806.0,다산,1313,경춘선,별내,offline,,2025-08-14T18:55:24
2806,다산,8호선,805,,8호선,2805.0,별내,2807.0,동구릉,,,,offline,,2025-08-14T18:55:24
2807,동구릉,8호선,806,,8호선,2806.0,다산,2808.0,구리,,,,offline,,2025-08-14T18:55:24
2808,구리,8호선,807,,8호선,2807.0,동구릉,2809.0,장자호수공원,1205,경의선,구리,offline,,2025-08-14T18:55:24
2809,장자호수공원,8호선,808,,8호선,2808.0,구리,2810.0,암사역사공원,,,,offline,,2025-08-14T18:55:24
2810,암사역사공원,8호선,809,,8호선,2809.0,장자호수공원,2811.0,암사,,,,offline,,2025-08-14T18:55:24
2811,암사,8호선,810,,8호선,2810.0,암사역사공원,2812.0,천호,,,,offline,,2025-08-14T18:55:24
2812,천호,8호선,811,,8호선,2811.0,암사,2813.0,강동구청,2548,5호선,천호,offline,,2025-08-14T18:55:24
2813,강동구청,8호선,812,,8호선,2812.0,천호,2814.0,몽촌토성,,,,offline,,2025-08-14T18:55:24
2814,몽촌토성,8호선,813,,8호선,2813.0,강동구청,2815.0,잠실,,,,offline,,2025-08-14T18:55:24
2815,잠실,8호선,814,,8호선,2814.0,몽촌토성,2816.0,석촌,216,2호선,잠실,offline,,2025-08-14T18:55:24
2816,석촌,8호선,815,,8호선,2815.0,잠실,2817.0,송파,4133,9호선,석촌,offline,,2025-08-14T18:55:24
2817,송파,8호선,816,,8호선,2816.0,석촌,2818.0,가락시장,,,,offline,,2025-08-14T18:55:24
2818,가락시장,8호선,817,,8호선,2817.0,송파,2819.0,문정,340,3호선,가락시장,offline,,2025-08-14T18:55:24
2819,문정,8호선,818,,8호선,2818.0,가락시장,2820.0,장지,,,,offline,,2025-08-14T18:55:24
2820,장지,8호선,819,,8호선,2819.0,문정,2821.0,복정,,,,offline,,2025-08-14T18:55:24
2821,복정,8호선,820,,8호선,2820.0,장지,2828.0,남위례,1031,수인분당선,복정,offline,,2025-08-14T18:55:24
2828,남위례,8호선,821,,8호선,2821.0,복정,2822.0,산성,,,,offline,,2025-08-14T18:55:24
2822,산성,8호선,822,,8호선,2828.0,남위례,2823.0,남한산성입구,,,,offline,,2025-08-14T18:55:24
2823,남한산성입구,8호선,823,,8호선,2822.0,산성,2824.0,단대오거리,,,,offline,,2025-08-14T18:55:24
2824,단대오거리,8호선,824,,8호선,2823.0,남한산성입구,2825.0,신흥,,,,offline,,2025-08-14T18:55:24
2825,신흥,8호선,825,,8호선,2824.0,단대오거리,2826.0,수진,,,,offline,,2025-08-14T18:55:24
2826,수진,8호선,826,,8호선,2825.0,신흥,2827.0,모란,,,,offline,,2025-08-14T18:55:24
2827,모란,8호선,827,,8호선,2826.0,수진,,,1853,수인분당선,모란,offline,,2025-08-14T18:55:24
4101,개화,9호선,901,,9호선,,,4102.0,김포공항,,,,offline,,2025-08-14T18:55:24
4102,김포공항,9호선,902,,9호선,4101.0,개화,4103.0,공항시장,"2,513,420,749,291,980","5호선,공항철도,김포도시철도,서해선","김포공항,김포공항,김포공항,김포공항",offline,,2025-08-14T18:55:24
4103,공항시장,9호선,903,,9호선,4102.0,김포공항,4104.0,신방화,,,,offline,,2025-08-14T18:55:24
4104,신방화,9호선,904,,9호선,4103.0,공항시장,4105.0,마곡나루,,,,offline,,2025-08-14T18:55:24
4105,마곡나루,9호선,905,,9호선,4104.0,신방화,4106.0,양천향교,4206,공항철도,마곡나루,offline,,2025-08-14T18:55:24
4106,양천향교,9호선,906,,9호선,4105.0,마곡나루,4107.0,가양,,,,offline,,2025-08-14T18:55:24
4107,가양,9호선,907,,9호선,4106.0,양천향교,4108.0,증미,,,,offline,,2025-08-14T18:55:24
4108,증미,9호선,908,,9호선,4107.0,가양,4109.0,등촌,,,,offline,,2025-08-14T18:55:24
4109,등촌,9호선,909,,9호선,4108.0,증미,4110.0,염창,,,,offline,,2025-08-14T18:55:24
4110,염창,9호선,910,,9호선,4109.0,등촌,4111.0,신목동,,,,offline,,2025-08-14T18:55:24
4111,신목동,9호선,911,,9호선,4110.0,염창,4112.0,선유도,,,,offline,,2025-08-14T18:55:24
4112,선유도,9호선,912,,9호선,4111.0,신목동,4113.0,당산,,,,offline,,2025-08-14T18:55:24
4113,당산,9호선,913,,9호선,4112.0,선유도,4114.0,국회의사당,237,2호선,당산,offline,,2025-08-14T18:55:24
4114,국회의사당,9호선,914,,9호선,4113.0,당산,4115.0,여의도,,,,offline,,2025-08-14T18:55:24
4115,여의도,9호선,915,,9호선,4114.0,국회의사당,4116.0,샛강,2527,5호선,여의도,offline,,2025-08-14T18:55:24
4116,샛강,9호선,916,,9호선,4115.0,여의도,4117.0,노량진,4401,신림선,샛강,offline,,2025-08-14T18:55:24
4117,노량진,9호선,917,,9호선,4116.0,샛강,4118.0,노들,1004,1호선,노량진,offline,,2025-08-14T18:55:24
4118,노들,9호선,918,,9호선,4117.0,노량진,4119.0,흑석,,,,offline,,2025-08-14T18:55:24
4119,흑석,9호선,919,,9호선,4118.0,노들,4120.0,동작,,,,offline,,2025-08-14T18:55:24
4120,동작,9호선,920,,9호선,4119.0,흑석,4121.0,구반포,431,4호선,동작,offline,,2025-08-14T18:55:24
4121,구반포,9호선,921,,9호선,4120.0,동작,4122.0,신반포,,,,offline,,2025-08-14T18:55:24
4122,신반포,9호선,922,,9호선,4121.0,구반포,4123.0,고속터미널,,,,offline,,2025-08-14T18:55:24
4123,고속터미널,9호선,923,,9호선,4122.0,신반포,4124.0,사평,"3,292,736","3호선,7호선","고속터미널,고속터미널",offline,,2025-08-14T18:55:24
4124,사평,9호선,924,,9호선,4123.0,고속터미널,4125.0,신논현,,,,offline,,2025-08-14T18:55:24
4125,신논현,9호선,925,,9호선,4124.0,사평,4126.0,언주,4306,신분당선,신논현,offline,,2025-08-14T18:55:24
4126,언주,9호선,926,,9호선,4125.0,신논현,4127.0,선정릉,,,,offline,,2025-08-14T18:55:24
4127,선정릉,9호선,927,,9호선,4126.0,언주,4128.0,삼성중앙,1850,수인분당선,선정릉,offline,,2025-08-14T18:55:24
4128,삼성중앙,9호선,928,,9호선,4127.0,선정릉,4129.0,봉은사,,,,offline,,2025-08-14T18:55:24
4129,봉은사,9호선,929,,9호선,4128.0,삼성중앙,4130.0,종합운동장,,,,offline,,2025-08-14T18:55:24
4130,종합운동장,9호선,930,,9호선,4129.0,봉은사,4131.0,삼전,218,2호선,종합운동장,offline,,2025-08-14T18:55:24
4131,삼전,9호선,931,,9호선,4130.0,종합운동장,4132.0,석촌고분,,,,offline,,2025-08-14T18:55:24
4132,석촌고분,9호선,932,,9호선,4131.0,삼전,4133.0,석촌,,,,offline,,2025-08-14T18:55:24
4133,석촌,9호선,933,,9호선,4132.0,석촌고분,4134.0,송파나루,2816,8호선,석촌,offline,,2025-08-14T18:55:24
4134,송파나루,9호선,934,,9호선,4133.0,석촌,4135.0,한성백제,,,,offline,,2025-08-14T18:55:24
4135,한성백제,9호선,935,,9호선,4134.0,송파나루,4136.0,올림픽공원,,,,offline,,2025-08-14T18:55:24
4136,올림픽공원,9호선,936,,9호선,4135.0,한성백제,4137.0,둔촌오륜,2556,5호선,올림픽공원,offline,,2025-08-14T18:55:24
4137,둔촌오륜,9호선,937,,9호선,4136.0,올림픽공원,4138.0,중앙보훈병원,,,,offline,,2025-08-14T18:55:24
4138,중앙보훈병원,9호선,938,,9호선,4137.0,둔촌오륜,,,,,,offline,,2025-08-14T18:55:24
9000,운정중앙,GTX-A,X101,,GTX-A,,,9001.0,킨텍스,,,,offline,,2025-08-14T18:55:24
9001,킨텍스,GTX-A,X102,,GTX-A,9000.0,운정중앙,9002.0,대곡,,,,offline,,2025-08-14T18:55:24
9002,대곡,GTX-A,X103,,GTX-A,9001.0,킨텍스,9004.0,연신내,"1,953,300","3호선,경의선","대곡,대곡",offline,,2025-08-14T18:55:24
9004,연신내,GTX-A,X105,,GTX-A,9002.0,대곡,9005.0,서울,"3,112,615","3호선,6호선","연신내,연신내",offline,,2025-08-14T18:55:24
9005,서울,GTX-A,X106,,GTX-A,9004.0,연신내,8.0,수서,,,,offline,,2025-08-14T18:55:24
8,수서,GTX-A,X108,,GTX-A,9005.0,서울,9.0,성남,"3,391,030","3호선,수인분당선","수서,수서",offline,,2025-08-14T18:55:24
9,성남,GTX-A,X109,,GTX-A,8.0,수서,10.0,구성,1512,경강선,성남,offline,,2025-08-14T18:55:24
10,구성,GTX-A,X110,,GTX-A,9.0,성남,11.0,동탄,1863,수인분당선,구성,offline,,2025-08-14T18:55:24
11,동탄,GTX-A,X111,,GTX-A,10.0,구성,,,,,,offline,,2025-08-14T18:55:24
1501,판교,경강선,K409,,경강선,,,1512.0,성남,4311,신분당선,판교,offline,,2025-08-14T18:55:24
1512,성남,경강선,K410,,경강선,1501.0,판교,1502.0,이매,9,GTX-A,성남,offline,,2025-08-14T18:55:24
1502,이매,경강선,K411,,경강선,1512.0,성남,1503.0,삼동,1860,수인분당선,이매,offline,,2025-08-14T18:55:24
1503,삼동,경강선,K412,,경강선,1502.0,이매,1504.0,경기광주,,,,offline,,2025-08-14T18:55:24
1504,경기광주,경강선,K413,,경강선,1503.0,삼동,1505.0,초월,,,,offline,,2025-08-14T18:55:24
1505,초월,경강선,K414,,경강선,1504.0,경기광주,1506.0,곤지암,,,,offline,,2025-08-14T18:55:24
1506,곤지암,경강선,K415,,경강선,1505.0,초월,1507.0,신둔도예촌,,,,offline,,2025-08-14T18:55:24
1507,신둔도예촌,경강선,K416,,경강선,1506.0,곤지암,1508.0,이천,,,,offline,,2025-08-14T18:55:24
1508,이천,경강선,K417,,경강선,1507.0,신둔도예촌,1509.0,부발,,,,offline,,2025-08-14T18:55:24
1509,부발,경강선,K418,,경강선,1508.0,이천,1510.0,세종대왕릉,,,,offline,,2025-08-14T18:55:24
1510,세종대왕릉,경강선,K419,,경강선,1509.0,부발,1511.0,여주,,,,offline,,2025-08-14T18:55:24
1511,여주,경강선,K420,,경강선,1510.0,세종대왕릉,,,,,,offline,,2025-08-14T18:55:24
1008,이촌,경의선,K111,,경의선,,,1009.0,서빙고,430,4호선,이촌,offline,,2025-08-14T18:55:24
1009,서빙고,경의선,K112,,경의선,1008.0,이촌,1010.0,한남,,,,offline,,2025-08-14T18:55:24
1010,한남,경의선,K113,,경의선,1009.0,서빙고,1011.0,옥수,,,,offline,,2025-08-14T18:55:24
1011,옥수,경의선,K114,,경의선,1010.0,한남,1012.0,응봉,325,3호선,옥수,offline,,2025-08-14T18:55:24
1012,응봉,경의선,K115,,경의선,1011.0,옥수,1013.0,왕십리,,,,offline,,2025-08-14T18:55:24
1013,왕십리,경의선,K116,,경의선,1012.0,응봉,1014.0,청량리,"2,082,541","2호선,5호선","왕십리,왕십리",offline,,2025-08-14T18:55:24
1014,청량리,경의선,K117,,경의선,1013.0,왕십리,1201.0,중랑,"15,813,061,845","1호선,경춘선,수인분당선","청량리,청량리,청량리",offline,,2025-08-14T18:55:24
1201,중랑,경의선,K119,,경의선,1014.0,청량리,1202.0,상봉,1308,경춘선,중랑,offline,,2025-08-14T18:55:24
1202,상봉,경의선,K120,,경의선,1201.0,중랑,1203.0,망우,"27,221,309","7호선,경춘선","상봉,상봉",offline,,2025-08-14T18:55:24
1203,망우,경의선,K121,,경의선,1202.0,상봉,1204.0,양원,1310,경춘선,망우,offline,,2025-08-14T18:55:24
1204,양원,경의선,K122,,경의선,1203.0,망우,1205.0,구리,,,,offline,,2025-08-14T18:55:24
1205,구리,경의선,K123,,경의선,1204.0,양원,1206.0,도농,2808,8호선,구리,offline,,2025-08-14T18:55:24
1206,도농,경의선,K124,,경의선,1205.0,구리,1207.0,양정,,,,offline,,2025-08-14T18:55:24
1207,양정,경의선,K125,,경의선,1206.0,도농,1208.0,덕소,,,,offline,,2025-08-14T18:55:24
1208,덕소,경의선,K126,,경의선,1207.0,양정,1209.0,도심,,,,offline,,2025-08-14T18:55:24
1209,도심,경의선,K127,,경의선,1208.0,덕소,1210.0,팔당,,,,offline,,2025-08-14T18:55:24
1210,팔당,경의선,K128,,경의선,1209.0,도심,1211.0,운길산,,,,offline,,2025-08-14T18:55:24
1211,운길산,경의선,K129,,경의선,1210.0,팔당,1212.0,양수,,,,offline,,2025-08-14T18:55:24
1212,양수,경의선,K130,,경의선,1211.0,운길산,1213.0,신원,,,,offline,,2025-08-14T18:55:24
1213,신원,경의선,K131,,경의선,1212.0,양수,1214.0,국수,,,,offline,,2025-08-14T18:55:24
1214,국수,경의선,K132,,경의선,1213.0,신원,1215.0,아신,,,,offline,,2025-08-14T18:55:24
1215,아신,경의선,K133,,경의선,1214.0,국수,1216.0,오빈,,,,offline,,2025-08-14T18:55:24
1216,오빈,경의선,K134,,경의선,1215.0,아신,1217.0,양평,,,,offline,,2025-08-14T18:55:24
1217,양평,경의선,K135,,경의선,1216.0,오빈,1218.0,원덕,2523,5호선,양평,offline,,2025-08-14T18:55:24
1218,원덕,경의선,K136,,경의선,1217.0,양평,1219.0,용문,,,,offline,,2025-08-14T18:55:24
1219,용문,경의선,K137,,경의선,1218.0,원덕,1220.0,지평,,,,offline,,2025-08-14T18:55:24
1220,지평,경의선,K138,,경의선,1219.0,용문,1262.0,공덕,,,,offline,,2025-08-14T18:55:24
1262,공덕,경의선,K312,,경의선,1220.0,지평,1252.0,신촌,"253,026,274,202","5호선,6호선,공항철도","공덕,공덕,공덕",offline,,2025-08-14T18:55:24
1263,서강대,경의선,K313,,경의선,1252.0,신촌,1251.0,서울역,,,,offline,,2025-08-14T18:55:24
1264,홍대입구,경의선,K314,,경의선,1251.0,서울역,1265.0,가좌,"2,394,203","2호선,공항철도","홍대입구,홍대입구",offline,,2025-08-14T18:55:24
1265,가좌,경의선,K315,,경의선,1264.0,홍대입구,1266.0,디지털미디어시티,,,,offline,,2025-08-14T18:55:24
1266,디지털미디어시티,경의선,K316,,경의선,1265.0,가좌,1267.0,수색,"26,194,204","6호선,공항철도","디지털미디어시티,디지털미디어시티",offline,,2025-08-14T18:55:24
1267,수색,경의선,K317,,경의선,1266.0,디지털미디어시티,1268.0,한국항공대,,,,offline,,2025-08-14T18:55:24
1268,한국항공대,경의선,K318,,경의선,1267.0,수색,1269.0,강매,,,,offline,,2025-08-14T18:55:24
1269,강매,경의선,K319,,경의선,1268.0,한국항공대,1270.0,행신,,,,offline,,2025-08-14T18:55:24
1270,행신,경의선,K320,,경의선,1269.0,강매,1271.0,능곡,,,,offline,,2025-08-14T18:55:24
1271,능곡,경의선,K321,,경의선,1270.0,행신,300.0,대곡,,,,offline,,2025-08-14T18:55:24
300,대곡,경의선,K322,,경의선,1271.0,능곡,1272.0,곡산,"19,539,002","3호선,GTX-A","대곡,대곡",offline,,2025-08-14T18:55:24
1272,곡산,경의선,K323,,경의선,300.0,대곡,1273.0,백마,,,,offline,,2025-08-14T18:55:24
1273,백마,경의선,K324,,경의선,1272.0,곡산,1274.0,풍산,,,,offline,,2025-08-14T18:55:24
1274,풍산,경의선,K325,,경의선,1273.0,백마,1275.0,일산,,,,offline,,2025-08-14T18:55:24
1275,일산,경의선,K326,,경의선,1274.0,풍산,1276.0,탄현,,,,offline,,2025-08-14T18:55:24
1276,탄현,경의선,K327,,경의선,1275.0,일산,1277.0,야당,,,,offline,,2025-08-14T18:55:24
1277,야당,경의선,K328,,경의선,1276.0,탄현,1278.0,운정,,,,offline,,2025-08-14T18:55:24
1278,운정,경의선,K329,,경의선,1277.0,야당,1279.0,금릉,,,,offline,,2025-08-14T18:55:24
1279,금릉,경의선,K330,,경의선,1278.0,운정,1280.0,금촌,,,,offline,,2025-08-14T18:55:24
1280,금촌,경의선,K331,,경의선,1279.0,금릉,1282.0,월롱,,,,offline,,2025-08-14T18:55:24
1282,월롱,경의선,K333,,경의선,1280.0,금촌,1283.0,파주,,,,offline,,2025-08-14T18:55:24
1283,파주,경의선,K334,,경의선,1282.0,월롱,1284.0,문산,,,,offline,,2025-08-14T18:55:24
1284,문산,경의선,K335,,경의선,1283.0,파주,1286.0,운천,,,,offline,,2025-08-14T18:55:24
1286,운천,경의선,K336,,경의선,1284.0,문산,1285.0,임진강,,,,offline,,2025-08-14T18:55:24
1285,임진강,경의선,K337,,경의선,1286.0,운천,1261.0,효창공원앞,,,,offline,,2025-08-14T18:55:24
1261,효창공원앞,경의선,K826,,경의선,1285.0,임진강,,,2628,6호선,효창공원앞,offline,,2025-08-14T18:55:24
1252,신촌,경의선,P312,,경의선,1262.0,공덕,1263.0,서강대,240,2호선,신촌,offline,,2025-08-14T18:55:24
1251,서울역,경의선,P313,,경의선,1263.0,서강대,1264.0,홍대입구,"1,504,264,201","1호선,4호선,공항철도","서울역,서울역,서울역",offline,,2025-08-14T18:55:24
1305,광운대,경춘선,P116,,경춘선,,,1306.0,청량리,1019,1호선,광운대,offline,,2025-08-14T18:55:24
1306,청량리,경춘선,P117,,경춘선,1305.0,광운대,1307.0,회기,"15,810,141,845","1호선,경의선,수인분당선","청량리,청량리,청량리",offline,,2025-08-14T18:55:24
1307,회기,경춘선,P118,,경춘선,1306.0,청량리,1308.0,중랑,1015,1호선,회기,offline,,2025-08-14T18:55:24
1308,중랑,경춘선,P119,,경춘선,1307.0,회기,1309.0,상봉,1201,경의선,중랑,offline,,2025-08-14T18:55:24
1309,상봉,경춘선,P120,,경춘선,1308.0,중랑,1310.0,망우,"27,221,202","7호선,경의선","상봉,상봉",offline,,2025-08-14T18:55:24
1310,망우,경춘선,P121,,경춘선,1309.0,상봉,1311.0,신내,1203,경의선,망우,offline,,2025-08-14T18:55:24
1311,신내,경춘선,P122,,경춘선,1310.0,망우,1312.0,갈매,2649,6호선,신내,offline,,2025-08-14T18:55:24
1312,갈매,경춘선,P123,,경춘선,1311.0,신내,1313.0,별내,,,,offline,,2025-08-14T18:55:24
1313,별내,경춘선,P124,,경춘선,1312.0,갈매,1314.0,퇴계원,2805,8호선,별내,offline,,2025-08-14T18:55:24
1314,퇴계원,경춘선,P125,,경춘선,1313.0,별내,1315.0,사릉,,,,offline,,2025-08-14T18:55:24
1315,사릉,경춘선,P126,,경춘선,1314.0,퇴계원,1316.0,금곡,,,,offline,,2025-08-14T18:55:24
1316,금곡,경춘선,P127,,경춘선,1315.0,사릉,1317.0,평내호평,,,,offline,,2025-08-14T18:55:24
1317,평내호평,경춘선,P128,,경춘선,1316.0,금곡,1318.0,천마산,,,,offline,,2025-08-14T18:55:24
1318,천마산,경춘선,P129,,경춘선,1317.0,평내호평,1319.0,마석,,,,offline,,2025-08-14T18:55:24
1319,마석,경춘선,P130,,경춘선,1318.0,천마산,1320.0,대성리,,,,offline,,2025-08-14T18:55:24
1320,대성리,경춘선,P131,,경춘선,1319.0,마석,1321.0,청평,,,,offline,,2025-08-14T18:55:24
1321,청평,경춘선,P132,,경춘선,1320.0,대성리,1322.0,상천,,,,offline,,2025-08-14T18:55:24
1322,상천,경춘선,P133,,경춘선,1321.0,청평,1323.0,가평,,,,offline,,2025-08-14T18:55:24
1323,가평,경춘선,P134,,경춘선,1322.0,상천,1324.0,굴봉산,,,,offline,,2025-08-14T18:55:24
1324,굴봉산,경춘선,P135,,경춘선,1323.0,가평,1325.0,백양리,,,,offline,,2025-08-14T18:55:24
1325,백양리,경춘선,P136,,경춘선,1324.0,굴봉산,1326.0,강촌,,,,offline,,2025-08-14T18:55:24
1326,강촌,경춘선,P137,,경춘선,1325.0,백양리,1327.0,김유정,,,,offline,,2025-08-14T18:55:24
1327,김유정,경춘선,P138,,경춘선,1326.0,강촌,1328.0,남춘천,,,,offline,,2025-08-14T18:55:24
1328,남춘천,경춘선,P139,,경춘선,1327.0,김유정,1329.0,춘천,,,,offline,,2025-08-14T18:55:24
1329,춘천,경춘선,P140,,경춘선,1328.0,남춘천,,,,,,offline,,2025-08-14T18:55:24
4201,서울역,공항철도,A01,,공항철도,,,4202.0,공덕,"1,504,261,251","1호선,4호선,경의선","서울역,서울역,서울역",offline,,2025-08-14T18:55:24
4202,공덕,공항철도,A02,,공항철도,4201.0,서울역,4203.0,홍대입구,"253,026,271,262","5호선,6호선,경의선","공덕,공덕,공덕",offline,,2025-08-14T18:55:24
4203,홍대입구,공항철도,A03,,공항철도,4202.0,공덕,4204.0,디지털미디어시티,"2,391,264","2호선,경의선","홍대입구,홍대입구",offline,,2025-08-14T18:55:24
4204,디지털미디어시티,공항철도,A04,,공항철도,4203.0,홍대입구,4207.0,김포공항,"26,191,266","6호선,경의선","디지털미디어시티,디지털미디어시티",offline,,2025-08-14T18:55:24
4206,마곡나루,공항철도,A042,,공항철도,4215.0,인천공항2터미널,4210.0,청라국제도시,4105,9호선,마곡나루,offline,,2025-08-14T18:55:24
4207,김포공항,공항철도,A05,,공항철도,4204.0,디지털미디어시티,4208.0,계양,"2,513,410,249,291,980","5호선,9호선,김포도시철도,서해선","김포공항,김포공항,김포공항,김포공항",offline,,2025-08-14T18:55:24
4208,계양,공항철도,A06,,공항철도,4207.0,김포공항,4209.0,검암,3110,인천선,계양,offline,,2025-08-14T18:55:24
4209,검암,공항철도,A07,,공항철도,4208.0,계양,4211.0,운서,3207,인천2호선,검암,offline,,2025-08-14T18:55:24
4210,청라국제도시,공항철도,A071,,공항철도,4206.0,마곡나루,4217.0,영종,,,,offline,,2025-08-14T18:55:24
4217,영종,공항철도,A072,,공항철도,4210.0,청라국제도시,,,,,,offline,,2025-08-14T18:55:24
4211,운서,공항철도,A08,,공항철도,4209.0,검암,4212.0,공항화물청사,,,,offline,,2025-08-14T18:55:24
4212,공항화물청사,공항철도,A09,,공항철도,4211.0,운서,4213.0,인천공항1터미널,,,,offline,,2025-08-14T18:55:24
4213,인천공항1터미널,공항철도,A10,,공항철도,4212.0,공항화물청사,4215.0,인천공항2터미널,,,,offline,,2025-08-14T18:55:24
4215,인천공항2터미널,공항철도,A11,,공항철도,4213.0,인천공항1터미널,4206.0,마곡나루,,,,offline,,2025-08-14T18:55:24
4920,양촌,김포도시철도,690,,김포도시철도,,,4921.0,구래,,,,offline,,2025-08-14T18:55:24
4921,구래,김포도시철도,691,,김포도시철도,4920.0,양촌,4922.0,마산,,,,offline,,2025-08-14T18:55:24
4922,마산,김포도시철도,692,,김포도시철도,4921.0,구래,4923.0,장기,,,,offline,,2025-08-14T18:55:24
4923,장기,김포도시철도,693,,김포도시철도,4922.0,마산,4924.0,운양,,,,offline,,2025-08-14T18:55:24
4924,운양,김포도시철도,694,,김포도시철도,4923.0,장기,4925.0,걸포북변,,,,offline,,2025-08-14T18:55:24
4925,걸포북변,김포도시철도,695,,김포도시철도,4924.0,운양,4926.0,사우,,,,offline,,2025-08-14T18:55:24
4926,사우,김포도시철도,696,,김포도시철도,4925.0,걸포북변,4927.0,풍무,,,,offline,,2025-08-14T18:55:24
4927,풍무,김포도시철도,697,,김포도시철도,4926.0,사우,4928.0,고촌,,,,offline,,2025-08-14T18:55:24
4928,고촌,김포도시철도,698,,김포도시철도,4927.0,풍무,4929.0,김포공항,,,,offline,,2025-08-14T18:55:24
4929,김포공항,김포도시철도,699,,김포도시철도,4928.0,고촌,,,"2,513,410,242,071,980","5호선,9호선,공항철도,서해선","김포공항,김포공항,김포공항,김포공항",offline,,2025-08-14T18:55:24
1980,김포공항,서해선,S13,,서해선,,,1981.0,원종,"2,513,410,242,074,920","5호선,9호선,공항철도,김포도시철도","김포공항,김포공항,김포공항,김포공항",offline,,2025-08-14T18:55:24
1981,원종,서해선,S14,,서해선,1980.0,김포공항,1982.0,부천종합운동장,,,,offline,,2025-08-14T18:55:24
1982,부천종합운동장,서해선,S15,,서해선,1981.0,원종,4804.0,소사,3754,7호선,부천종합운동장,offline,,2025-08-14T18:55:24
4804,소사,서해선,S16,,서해선,1982.0,부천종합운동장,4805.0,소새울,1814,1호선,소사,offline,,2025-08-14T18:55:24
4805,소새울,서해선,S17,,서해선,4804.0,소사,4806.0,시흥대야,,,,offline,,2025-08-14T18:55:24
4806,시흥대야,서해선,S18,,서해선,4805.0,소새울,4807.0,신천,,,,offline,,2025-08-14T18:55:24
4807,신천,서해선,S19,,서해선,4806.0,시흥대야,4808.0,신현,,,,offline,,2025-08-14T18:55:24
4808,신현,서해선,S20,,서해선,4807.0,신천,4809.0,시흥시청,,,,offline,,2025-08-14T18:55:24
4809,시흥시청,서해선,S22,,서해선,4808.0,신현,4810.0,시흥능곡,,,,offline,,2025-08-14T18:55:24
4810,시흥능곡,서해선,S23,,서해선,4809.0,시흥시청,4811.0,달미,,,,offline,,2025-08-14T18:55:24
4811,달미,서해선,S24,,서해선,4810.0,시흥능곡,4812.0,선부,,,,offline,,2025-08-14T18:55:24
4812,선부,서해선,S25,,서해선,4811.0,달미,4813.0,초지,,,,offline,,2025-08-14T18:55:24
4813,초지,서해선,S26,,서해선,4812.0,선부,4814.0,시우,"17,581,833","4호선,수인분당선","초지,초지",offline,,2025-08-14T18:55:24
4814,시우,서해선,S27,,서해선,4813.0,초지,4815.0,원시,,,,offline,,2025-08-14T18:55:24
4815,원시,서해선,S28,,서해선,4814.0,시우,,,,,,offline,,2025-08-14T18:55:24
1845,청량리,수인분당선,K209,,수인분당선,,,1847.0,서울숲,"15,810,141,306","1호선,경의선,경춘선","청량리,청량리,청량리",offline,,2025-08-14T18:55:24
1847,서울숲,수인분당선,K211,,수인분당선,1845.0,청량리,1848.0,압구정로데오,,,,offline,,2025-08-14T18:55:24
1848,압구정로데오,수인분당선,K212,,수인분당선,1847.0,서울숲,1849.0,강남구청,,,,offline,,2025-08-14T18:55:24
1849,강남구청,수인분당선,K213,,수인분당선,1848.0,압구정로데오,1850.0,선정릉,2732,7호선,강남구청,offline,,2025-08-14T18:55:24
1850,선정릉,수인분당선,K214,,수인분당선,1849.0,강남구청,1023.0,선릉,4127,9호선,선정릉,offline,,2025-08-14T18:55:24
1023,선릉,수인분당선,K215,,수인분당선,1850.0,선정릉,1024.0,한티,220,2호선,선릉,offline,,2025-08-14T18:55:24
1024,한티,수인분당선,K216,,수인분당선,1023.0,선릉,1025.0,도곡,,,,offline,,2025-08-14T18:55:24
1025,도곡,수인분당선,K217,,수인분당선,1024.0,한티,1026.0,구룡,334,3호선,도곡,offline,,2025-08-14T18:55:24
1026,구룡,수인분당선,K218,,수인분당선,1025.0,도곡,1027.0,개포동,,,,offline,,2025-08-14T18:55:24
1027,개포동,수인분당선,K219,,수인분당선,1026.0,구룡,1028.0,대모산입구,,,,offline,,2025-08-14T18:55:24
1028,대모산입구,수인분당선,K220,,수인분당선,1027.0,개포동,1030.0,수서,,,,offline,,2025-08-14T18:55:24
1030,수서,수인분당선,K221,,수인분당선,1028.0,대모산입구,1031.0,복정,"339,8","3호선,GTX-A","수서,수서",offline,,2025-08-14T18:55:24
1031,복정,수인분당선,K222,,수인분당선,1030.0,수서,1851.0,가천대,2821,8호선,복정,offline,,2025-08-14T18:55:24
1851,가천대,수인분당선,K223,,수인분당선,1031.0,복정,1852.0,태평,,,,offline,,2025-08-14T18:55:24
1852,태평,수인분당선,K224,,수인분당선,1851.0,가천대,1853.0,모란,,,,offline,,2025-08-14T18:55:24
1853,모란,수인분당선,K225,,수인분당선,1852.0,태평,1854.0,야탑,2827,8호선,모란,offline,,2025-08-14T18:55:24
1854,야탑,수인분당선,K226,,수인분당선,1853.0,모란,1860.0,이매,,,,offline,,2025-08-14T18:55:24
1860,이매,수인분당선,K227,,수인분당선,1854.0,야탑,1855.0,서현,1502,경강선,이매,offline,,2025-08-14T18:55:24
1855,서현,수인분당선,K228,,수인분당선,1860.0,이매,1856.0,수내,,,,offline,,2025-08-14T18:55:24
1856,수내,수인분당선,K229,,수인분당선,1855.0,서현,1857.0,정자,,,,offline,,2025-08-14T18:55:24
1857,정자,수인분당선,K230,,수인분당선,1856.0,수내,1858.0,미금,4312,신분당선,정자,offline,,2025-08-14T18:55:24
1858,미금,수인분당선,K231,,수인분당선,1857.0,정자,1859.0,오리,4313,신분당선,미금,offline,,2025-08-14T18:55:24
1859,오리,수인분당선,K232,,수인분당선,1858.0,미금,1862.0,죽전,,,,offline,,2025-08-14T18:55:24
1862,죽전,수인분당선,K233,,수인분당선,1859.0,오리,1861.0,보정,,,,offline,,2025-08-14T18:55:24
1861,보정,수인분당선,K234,,수인분당선,1862.0,죽전,1863.0,구성,,,,offline,,2025-08-14T18:55:24
1863,구성,수인분당선,K235,,수인분당선,1861.0,보정,1864.0,신갈,10,GTX-A,구성,offline,,2025-08-14T18:55:24
1864,신갈,수인분당선,K236,,수인분당선,1863.0,구성,1865.0,기흥,,,,offline,,2025-08-14T18:55:24
1865,기흥,수인분당선,K237,,수인분당선,1864.0,신갈,1866.0,상갈,4501,용인경전철,기흥,offline,,2025-08-14T18:55:24
1866,상갈,수인분당선,K238,,수인분당선,1865.0,기흥,1867.0,청명,,,,offline,,2025-08-14T18:55:24
1867,청명,수인분당선,K239,,수인분당선,1866.0,상갈,1868.0,영통,,,,offline,,2025-08-14T18:55:24
1868,영통,수인분당선,K240,,수인분당선,1867.0,청명,1869.0,망포,,,,offline,,2025-08-14T18:55:24
1869,망포,수인분당선,K241,,수인분당선,1868.0,영통,1870.0,매탄권선,,,,offline,,2025-08-14T18:55:24
1870,매탄권선,수인분당선,K242,,수인분당선,1869.0,망포,1871.0,수원시청,,,,offline,,2025-08-14T18:55:24
1871,수원시청,수인분당선,K243,,수인분당선,1870.0,매탄권선,1872.0,매교,,,,offline,,2025-08-14T18:55:24
1872,매교,수인분당선,K244,,수인분당선,1871.0,수원시청,1846.0,수원,,,,offline,,2025-08-14T18:55:24
1846,수원,수인분당선,K245,,수인분당선,1872.0,매교,1873.0,고색,1713,1호선,수원,offline,,2025-08-14T18:55:24
1873,고색,수인분당선,K246,,수인분당선,1846.0,수원,1874.0,오목천,,,,offline,,2025-08-14T18:55:24
1874,오목천,수인분당선,K247,,수인분당선,1873.0,고색,1875.0,어천,,,,offline,,2025-08-14T18:55:24
1875,어천,수인분당선,K248,,수인분당선,1874.0,오목천,1876.0,야목,,,,offline,,2025-08-14T18:55:24
1876,야목,수인분당선,K249,,수인분당선,1875.0,어천,1877.0,사리,,,,offline,,2025-08-14T18:55:24
1877,사리,수인분당선,K250,,수인분당선,1876.0,야목,1830.0,한대앞,,,,offline,,2025-08-14T18:55:24
1830,한대앞,수인분당선,K251,,수인분당선,1877.0,사리,1831.0,중앙,1755,4호선,한대앞,offline,,2025-08-14T18:55:24
1831,중앙,수인분당선,K252,,수인분당선,1830.0,한대앞,1832.0,고잔,1756,4호선,중앙,offline,,2025-08-14T18:55:24
1832,고잔,수인분당선,K253,,수인분당선,1831.0,중앙,1833.0,초지,1757,4호선,고잔,offline,,2025-08-14T18:55:24
1833,초지,수인분당선,K254,,수인분당선,1832.0,고잔,1834.0,안산,"17,584,813","4호선,서해선","초지,초지",offline,,2025-08-14T18:55:24
1834,안산,수인분당선,K255,,수인분당선,1833.0,초지,1835.0,신길온천,1759,4호선,안산,offline,,2025-08-14T18:55:24
1835,신길온천,수인분당선,K256,,수인분당선,1834.0,안산,1836.0,정왕,1760,4호선,신길온천,offline,,2025-08-14T18:55:24
1836,정왕,수인분당선,K257,,수인분당선,1835.0,신길온천,1800.0,오이도,1761,4호선,정왕,offline,,2025-08-14T18:55:24
1800,오이도,수인분당선,K258,,수인분당선,1836.0,정왕,1878.0,달월,1762,4호선,오이도,offline,,2025-08-14T18:55:24
1878,달월,수인분당선,K259,,수인분당선,1800.0,오이도,1879.0,월곶,,,,offline,,2025-08-14T18:55:24
1879,월곶,수인분당선,K260,,수인분당선,1878.0,달월,1880.0,소래포구,,,,offline,,2025-08-14T18:55:24
1880,소래포구,수인분당선,K261,,수인분당선,1879.0,월곶,1881.0,인천논현,,,,offline,,2025-08-14T18:55:24
1881,인천논현,수인분당선,K262,,수인분당선,1880.0,소래포구,1882.0,호구포,,,,offline,,2025-08-14T18:55:24
1882,호구포,수인분당선,K263,,수인분당선,1881.0,인천논현,1883.0,남동인더스파크,,,,offline,,2025-08-14T18:55:24
1883,남동인더스파크,수인분당선,K264,,수인분당선,1882.0,호구포,1884.0,원인재,,,,offline,,2025-08-14T18:55:24
1884,원인재,수인분당선,K265,,수인분당선,1883.0,남동인더스파크,1885.0,연수,3130,인천선,원인재,offline,,2025-08-14T18:55:24
1885,연수,수인분당선,K266,,수인분당선,1884.0,원인재,1886.0,송도,,,,offline,,2025-08-14T18:55:24
1886,송도,수인분당선,K267,,수인분당선,1885.0,연수,1888.0,인하대,,,,offline,,2025-08-14T18:55:24
1888,인하대,수인분당선,K269,,수인분당선,1886.0,송도,1889.0,숭의,,,,offline,,2025-08-14T18:55:24
1889,숭의,수인분당선,K270,,수인분당선,1888.0,인하대,1890.0,신포,,,,offline,,2025-08-14T18:55:24
1890,신포,수인분당선,K271,,수인분당선,1889.0,숭의,1891.0,인천,,,,offline,,2025-08-14T18:55:24
1891,인천,수인분당선,K272,,수인분당선,1890.0,신포,,,1812,1호선,인천,offline,,2025-08-14T18:55:24
4401,샛강,신림선,S401,,신림선,,,4402.0,대방,4116,9호선,샛강,offline,,2025-08-14T18:55:24
4402,대방,신림선,S402,,신림선,4401.0,샛강,4403.0,서울지방병무청,1005,1호선,대방,offline,,2025-08-14T18:55:24
4403,서울지방병무청,신림선,S403,,신림선,4402.0,대방,4404.0,보라매,,,,offline,,2025-08-14T18:55:24
4404,보라매,신림선,S404,,신림선,4403.0,서울지방병무청,4405.0,보라매공원,2744,7호선,보라매,offline,,2025-08-14T18:55:24
4405,보라매공원,신림선,S405,,신림선,4404.0,보라매,4406.0,보라매병원,,,,offline,,2025-08-14T18:55:24
4406,보라매병원,신림선,S406,,신림선,4405.0,보라매공원,4407.0,당곡,,,,offline,,2025-08-14T18:55:24
4407,당곡,신림선,S407,,신림선,4406.0,보라매병원,4408.0,신림,,,,offline,,2025-08-14T18:55:24
4408,신림,신림선,S408,,신림선,4407.0,당곡,4409.0,서원,230,2호선,신림,offline,,2025-08-14T18:55:24
4409,서원,신림선,S409,,신림선,4408.0,신림,4410.0,서울대벤처타운,,,,offline,,2025-08-14T18:55:24
4410,서울대벤처타운,신림선,S410,,신림선,4409.0,서원,4411.0,관악산,,,,offline,,2025-08-14T18:55:24
4411,관악산,신림선,S411,,신림선,4410.0,서울대벤처타운,,,,,,offline,,2025-08-14T18:55:24
4310,청계산입구,신분당선,D10,,신분당선,4309.0,양재시민의숲,4311.0,판교,,,,offline,,2025-08-14T18:55:24
4311,판교,신분당선,D11,,신분당선,4310.0,청계산입구,4312.0,정자,1501,경강선,판교,offline,,2025-08-14T18:55:24
4312,정자,신분당선,D12,,신분당선,4311.0,판교,4313.0,미금,1857,수인분당선,정자,offline,,2025-08-14T18:55:24
4313,미금,신분당선,D13,,신분당선,4312.0,정자,4314.0,동천,1858,수인분당선,미금,offline,,2025-08-14T18:55:24
4314,동천,신분당선,D14,,신분당선,4313.0,미금,4315.0,수지구청,,,,offline,,2025-08-14T18:55:24
4315,수지구청,신분당선,D15,,신분당선,4314.0,동천,4316.0,성복,,,,offline,,2025-08-14T18:55:24
4316,성복,신분당선,D16,,신분당선,4315.0,수지구청,4317.0,상현,,,,offline,,2025-08-14T18:55:24
4317,상현,신분당선,D17,,신분당선,4316.0,성복,4318.0,광교중앙,,,,offline,,2025-08-14T18:55:24
4318,광교중앙,신분당선,D18,,신분당선,4317.0,상현,4319.0,광교,,,,offline,,2025-08-14T18:55:24
4319,광교,신분당선,D19,,신분당선,4318.0,광교중앙,,,,,,offline,,2025-08-14T18:55:24
4304,신사,신분당선,D4,,신분당선,,,4305.0,논현,327,3호선,신사,offline,,2025-08-14T18:55:24
4305,논현,신분당선,D5,,신분당선,4304.0,신사,4306.0,신논현,2734,7호선,논현,offline,,2025-08-14T18:55:24
4306,신논현,신분당선,D6,,신분당선,4305.0,논현,4307.0,강남,4125,9호선,신논현,offline,,2025-08-14T18:55:24
4307,강남,신분당선,D7,,신분당선,4306.0,신논현,4308.0,양재,222,2호선,강남,offline,,2025-08-14T18:55:24
4308,양재,신분당선,D8,,신분당선,4307.0,강남,4309.0,양재시민의숲,332,3호선,양재,offline,,2025-08-14T18:55:24
4309,양재시민의숲,신분당선,D9,,신분당선,4308.0,양재,4310.0,청계산입구,,,,offline,,2025-08-14T18:55:24
4501,기흥,용인경전철,Y110,,용인경전철,,,4502.0,강남대,1865,수인분당선,기흥,offline,,2025-08-14T18:55:24
4502,강남대,용인경전철,Y111,,용인경전철,4501.0,기흥,4503.0,지석,,,,offline,,2025-08-14T18:55:24
4503,지석,용인경전철,Y112,,용인경전철,4502.0,강남대,4504.0,어정,,,,offline,,2025-08-14T18:55:24
4504,어정,용인경전철,Y113,,용인경전철,4503.0,지석,4505.0,동백,,,,offline,,2025-08-14T18:55:24
4505,동백,용인경전철,Y114,,용인경전철,4504.0,어정,4506.0,초당,,,,offline,,2025-08-14T18:55:24
4506,초당,용인경전철,Y115,,용인경전철,4505.0,동백,4508.0,삼가,,,,offline,,2025-08-14T18:55:24
4508,삼가,용인경전철,Y116,,용인경전철,4506.0,초당,4509.0,시청.용인대,,,,offline,,2025-08-14T18:55:24
4509,시청.용인대,용인경전철,Y117,,용인경전철,4508.0,삼가,4510.0,명지대,,,,offline,,2025-08-14T18:55:24
4510,명지대,용인경전철,Y118,,용인경전철,4509.0,시청.용인대,4511.0,김량장,,,,offline,,2025-08-14T18:55:24
4511,김량장,용인경전철,Y119,,용인경전철,4510.0,명지대,4512.0,용인중앙시장,,,,offline,,2025-08-14T18:55:24
4512,용인중앙시장,용인경전철,Y120,,용인경전철,4511.0,김량장,4513.0,고진,,,,offline,,2025-08-14T18:55:24
4513,고진,용인경전철,Y121,,용인경전철,4512.0,용인중앙시장,4514.0,보평,,,,offline,,2025-08-14T18:55:24
4514,보평,용인경전철,Y123,,용인경전철,4513.0,고진,4515.0,둔전,,,,offline,,2025-08-14T18:55:24
4515,둔전,용인경전철,Y125,,용인경전철,4514.0,보평,4517.0,전대.에버랜드,,,,offline,,2025-08-14T18:55:24
4517,전대.에버랜드,용인경전철,Y126,,용인경전철,4515.0,둔전,,,,,,offline,,2025-08-14T18:55:24
4701,북한산우이,우이신설경전철,941,,우이신설경전철,,,4702.0,솔밭공원,,,,offline,,2025-08-14T18:55:24
4702,솔밭공원,우이신설경전철,942,,우이신설경전철,4701.0,북한산우이,4703.0,4.19민주묘지,,,,offline,,2025-08-14T18:55:24
4703,4.19민주묘지,우이신설경전철,943,,우이신설경전철,4702.0,솔밭공원,4704.0,가오리,,,,offline,,2025-08-14T18:55:24
4704,가오리,우이신설경전철,944,,우이신설경전철,4703.0,4.19민주묘지,4705.0,화계,,,,offline,,2025-08-14T18:55:24
4705,화계,우이신설경전철,945,,우이신설경전철,4704.0,가오리,4706.0,삼양,,,,offline,,2025-08-14T18:55:24
4706,삼양,우이신설경전철,946,,우이신설경전철,4705.0,화계,4707.0,삼양사거리,,,,offline,,2025-08-14T18:55:24
4707,삼양사거리,우이신설경전철,947,,우이신설경전철,4706.0,삼양,4708.0,솔샘,,,,offline,,2025-08-14T18:55:24
4708,솔샘,우이신설경전철,948,,우이신설경전철,4707.0,삼양사거리,4709.0,북한산보국문,,,,offline,,2025-08-14T18:55:24
4709,북한산보국문,우이신설경전철,949,,우이신설경전철,4708.0,솔샘,4710.0,정릉,,,,offline,,2025-08-14T18:55:24
4710,정릉,우이신설경전철,950,,우이신설경전철,4709.0,북한산보국문,4711.0,성신여대입구,,,,offline,,2025-08-14T18:55:24
4711,성신여대입구,우이신설경전철,951,,우이신설경전철,4710.0,정릉,4712.0,보문,418,4호선,성신여대입구,offline,,2025-08-14T18:55:24
4712,보문,우이신설경전철,952,,우이신설경전철,4711.0,성신여대입구,4713.0,신설동,2639,6호선,보문,offline,,2025-08-14T18:55:24
4713,신설동,우이신설경전철,953,,우이신설경전철,4712.0,보문,,,"156,246","1호선,2호선","신설동,신설동",offline,,2025-08-14T18:55:24
4601,발곡,의정부경전철,U110,,의정부경전철,,,4602.0,회룡,,,,offline,,2025-08-14T18:55:24
4602,회룡,의정부경전철,U111,,의정부경전철,4601.0,발곡,4603.0,범골,1905,1호선,회룡,offline,,2025-08-14T18:55:24
4603,범골,의정부경전철,U112,,의정부경전철,4602.0,회룡,4604.0,경전철의정부,,,,offline,,2025-08-14T18:55:24
4604,경전철의정부,의정부경전철,U113,,의정부경전철,4603.0,범골,4605.0,의정부시청,,,,offline,,2025-08-14T18:55:24
4605,의정부시청,의정부경전철,U114,,의정부경전철,4604.0,경전철의정부,4606.0,흥선,,,,offline,,2025-08-14T18:55:24
4606,흥선,의정부경전철,U115,,의정부경전철,4605.0,의정부시청,4607.0,의정부중앙,,,,offline,,2025-08-14T18:55:24
4607,의정부중앙,의정부경전철,U117,,의정부경전철,4606.0,흥선,4608.0,동오,,,,offline,,2025-08-14T18:55:24
4608,동오,의정부경전철,U118,,의정부경전철,4607.0,의정부중앙,4609.0,새말,,,,offline,,2025-08-14T18:55:24
4609,새말,의정부경전철,U119,,의정부경전철,4608.0,동오,4610.0,경기도청북부청사,,,,offline,,2025-08-14T18:55:24
4610,경기도청북부청사,의정부경전철,U120,,의정부경전철,4609.0,새말,4611.0,효자,,,,offline,,2025-08-14T18:55:24
4611,효자,의정부경전철,U121,,의정부경전철,4610.0,경기도청북부청사,4612.0,곤제,,,,offline,,2025-08-14T18:55:24
4612,곤제,의정부경전철,U122,,의정부경전철,4611.0,효자,4613.0,어룡,,,,offline,,2025-08-14T18:55:24
4613,어룡,의정부경전철,U123,,의정부경전철,4612.0,곤제,4614.0,송산,,,,offline,,2025-08-14T18:55:24
4614,송산,의정부경전철,U124,,의정부경전철,4613.0,어룡,4615.0,탑석,,,,offline,,2025-08-14T18:55:24
4615,탑석,의정부경전철,U125,,의정부경전철,4614.0,송산,,,,,,offline,,2025-08-14T18:55:24
3201,검단오류,인천2호선,I201,,인천2호선,,,3202.0,왕길,,,,offline,,2025-08-14T18:55:24
3202,왕길,인천2호선,I202,,인천2호선,3201.0,검단오류,3203.0,검단사거리,,,,offline,,2025-08-14T18:55:24
3203,검단사거리,인천2호선,I203,,인천2호선,3202.0,왕길,3204.0,마전,,,,offline,,2025-08-14T18:55:24
3204,마전,인천2호선,I204,,인천2호선,3203.0,검단사거리,3205.0,완정,,,,offline,,2025-08-14T18:55:24
3205,완정,인천2호선,I205,,인천2호선,3204.0,마전,3206.0,독정,,,,offline,,2025-08-14T18:55:24
3206,독정,인천2호선,I206,,인천2호선,3205.0,완정,3207.0,검암,,,,offline,,2025-08-14T18:55:24
3207,검암,인천2호선,I207,,인천2호선,3206.0,독정,3208.0,검바위,4209,공항철도,검암,offline,,2025-08-14T18:55:24
3208,검바위,인천2호선,I208,,인천2호선,3207.0,검암,3209.0,아시아드경기장,,,,offline,,2025-08-14T18:55:24
3209,아시아드경기장,인천2호선,I209,,인천2호선,3208.0,검바위,3210.0,서구청,,,,offline,,2025-08-14T18:55:24
3210,서구청,인천2호선,I210,,인천2호선,3209.0,아시아드경기장,3211.0,가정,,,,offline,,2025-08-14T18:55:24
3211,가정,인천2호선,I211,,인천2호선,3210.0,서구청,3212.0,가정중앙시장,,,,offline,,2025-08-14T18:55:24
3212,가정중앙시장,인천2호선,I212,,인천2호선,3211.0,가정,3213.0,석남,,,,offline,,2025-08-14T18:55:24
3213,석남,인천2호선,I213,,인천2호선,3212.0,가정중앙시장,3214.0,서부여성회관,3763,7호선,석남,offline,,2025-08-14T18:55:24
3214,서부여성회관,인천2호선,I214,,인천2호선,3213.0,석남,3215.0,인천가좌,,,,offline,,2025-08-14T18:55:24
3215,인천가좌,인천2호선,I215,,인천2호선,3214.0,서부여성회관,3216.0,가재울,,,,offline,,2025-08-14T18:55:24
3216,가재울,인천2호선,I216,,인천2호선,3215.0,인천가좌,3217.0,주안국가산단,,,,offline,,2025-08-14T18:55:24
3217,주안국가산단,인천2호선,I217,,인천2호선,3216.0,가재울,3218.0,주안,,,,offline,,2025-08-14T18:55:24
3218,주안,인천2호선,I218,,인천2호선,3217.0,주안국가산단,3219.0,시민공원,1809,1호선,주안,offline,,2025-08-14T18:55:24
3219,시민공원,인천2호선,I219,,인천2호선,3218.0,주안,3220.0,석바위시장,,,,offline,,2025-08-14T18:55:24
3220,석바위시장,인천2호선,I220,,인천2호선,3219.0,시민공원,3221.0,인천시청,,,,offline,,2025-08-14T18:55:24
3221,인천시청,인천2호선,I221,,인천2호선,3220.0,석바위시장,3222.0,석천사거리,3124,인천선,인천시청,offline,,2025-08-14T18:55:24
3222,석천사거리,인천2호선,I222,,인천2호선,3221.0,인천시청,3223.0,모래내시장,,,,offline,,2025-08-14T18:55:24
3223,모래내시장,인천2호선,I223,,인천2호선,3222.0,석천사거리,3224.0,만수,,,,offline,,2025-08-14T18:55:24
3224,만수,인천2호선,I224,,인천2호선,3223.0,모래내시장,3225.0,남동구청,,,,offline,,2025-08-14T18:55:24
3225,남동구청,인천2호선,I225,,인천2호선,3224.0,만수,3226.0,인천대공원,,,,offline,,2025-08-14T18:55:24
3226,인천대공원,인천2호선,I226,,인천2호선,3225.0,남동구청,3227.0,운연,,,,offline,,2025-08-14T18:55:24
3227,운연,인천2호선,I227,,인천2호선,3226.0,인천대공원,,,,,,offline,,2025-08-14T18:55:24
3107,검단호수공원,인천선,I107,,인천선,,,3108.0,신검단중앙,,,,offline,,2025-08-14T18:55:24
3108,신검단중앙,인천선,I108,,인천선,3107.0,검단호수공원,3109.0,아라,,,,offline,,2025-08-14T18:55:24
3109,아라,인천선,I109,,인천선,3108.0,신검단중앙,3110.0,계양,,,,offline,,2025-08-14T18:55:24
3110,계양,인천선,I110,,인천선,3109.0,아라,3111.0,귤현,4208,공항철도,계양,offline,,2025-08-14T18:55:24
3111,귤현,인천선,I111,,인천선,3110.0,계양,3112.0,박촌,,,,offline,,2025-08-14T18:55:24
3112,박촌,인천선,I112,,인천선,3111.0,귤현,3113.0,임학,,,,offline,,2025-08-14T18:55:24
3113,임학,인천선,I113,,인천선,3112.0,박촌,3114.0,계산,,,,offline,,2025-08-14T18:55:24
3114,계산,인천선,I114,,인천선,3113.0,임학,3115.0,경인교대입구,,,,offline,,2025-08-14T18:55:24
3115,경인교대입구,인천선,I115,,인천선,3114.0,계산,3116.0,작전,,,,offline,,2025-08-14T18:55:24
3116,작전,인천선,I116,,인천선,3115.0,경인교대입구,3117.0,갈산,,,,offline,,2025-08-14T18:55:24
3117,갈산,인천선,I117,,인천선,3116.0,작전,3118.0,부평구청,,,,offline,,2025-08-14T18:55:24
3118,부평구청,인천선,I118,,인천선,3117.0,갈산,3119.0,부평시장,3761,7호선,부평구청,offline,,2025-08-14T18:55:24
3119,부평시장,인천선,I119,,인천선,3118.0,부평구청,3120.0,부평,,,,offline,,2025-08-14T18:55:24
3120,부평,인천선,I120,,인천선,3119.0,부평시장,3121.0,동수,1806,1호선,부평,offline,,2025-08-14T18:55:24
3121,동수,인천선,I121,,인천선,3120.0,부평,3122.0,부평삼거리,,,,offline,,2025-08-14T18:55:24
3122,부평삼거리,인천선,I122,,인천선,3121.0,동수,3123.0,간석오거리,,,,offline,,2025-08-14T18:55:24
3123,간석오거리,인천선,I123,,인천선,3122.0,부평삼거리,3124.0,인천시청,,,,offline,,2025-08-14T18:55:24
3124,인천시청,인천선,I124,,인천선,3123.0,간석오거리,3125.0,예술회관,3221,인천2호선,인천시청,offline,,2025-08-14T18:55:24
3125,예술회관,인천선,I125,,인천선,3124.0,인천시청,3126.0,인천터미널,,,,offline,,2025-08-14T18:55:24
3126,인천터미널,인천선,I126,,인천선,3125.0,예술회관,3127.0,문학경기장,,,,offline,,2025-08-14T18:55:24
3127,문학경기장,인천선,I127,,인천선,3126.0,인천터미널,3128.0,선학,,,,offline,,2025-08-14T18:55:24
3128,선학,인천선,I128,,인천선,3127.0,문학경기장,3129.0,신연수,,,,offline,,2025-08-14T18:55:24
3129,신연수,인천선,I129,,인천선,3128.0,선학,3130.0,원인재,,,,offline,,2025-08-14T18:55:24
3130,원인재,인천선,I130,,인천선,3129.0,신연수,3131.0,동춘,1884,수인분당선,원인재,offline,,2025-08-14T18:55:24
3131,동춘,인천선,I131,,인천선,3130.0,원인재,3132.0,동막,,,,offline,,2025-08-14T18:55:24
3132,동막,인천선,I132,,인천선,3131.0,동춘,3133.0,캠퍼스타운,,,,offline,,2025-08-14T18:55:24
3133,캠퍼스타운,인천선,I133,,인천선,3132.0,동막,3134.0,테크노파크,,,,offline,,2025-08-14T18:55:24
3134,테크노파크,인천선,I134,,인천선,3133.0,캠퍼스타운,3135.0,지식정보단지,,,,offline,,2025-08-14T18:55:24
3135,지식정보단지,인천선,I135,,인천선,3134.0,테크노파크,3136.0,인천대입구,,,,offline,,2025-08-14T18:55:24
3136,인천대입구,인천선,I136,,인천선,3135.0,지식정보단지,3137.0,센트럴파크,,,,offline,,2025-08-14T18:55:24
3137,센트럴파크,인천선,I137,,인천선,3136.0,인천대입구,3138.0,국제업무지구,,,,offline,,2025-08-14T18:55:24
3138,국제업무지구,인천선,I138,,인천선,3137.0,센트럴파크,3139.0,송도달빛축제공원,,,,offline,,2025-08-14T18:55:24
3139,송도달빛축제공원,인천선,I139,,인천선,3138.0,국제업무지구,,,,,,offline,,2025-08-14T18:55:24
